# ID, url
52393415830,https://live.staticflickr.com/65535/52393415830_916c5fbe13_c.jpg
52380341753,https://live.staticflickr.com/65535/52380341753_fe2ef4dd57_c.jpg
52359192597,https://live.staticflickr.com/65535/52359192597_7728aa3e53_c.jpg
52337052947,https://live.staticflickr.com/65535/52337052947_a114a8464e_c.jpg
52391582297,https://live.staticflickr.com/65535/52391582297_6fd949b662_c.jpg
52265532824,https://live.staticflickr.com/65535/52265532824_f37b509402_c.jpg
52358447311,https://live.staticflickr.com/65535/52358447311_8a16e73e63_c.jpg
52353416788,https://live.staticflickr.com/65535/52353416788_ae181f3fb9_c.jpg
52330148302,https://live.staticflickr.com/65535/52330148302_1cbebd18cc_c.jpg
52272537639,https://live.staticflickr.com/65535/52272537639_aa5050b979_c.jpg
52284810389,https://live.staticflickr.com/65535/52284810389_1f4bfd30b3_c.jpg
52310922871,https://live.staticflickr.com/65535/52310922871_b11126c81d_c.jpg
52294628950,https://live.staticflickr.com/65535/52294628950_777d9398f0_c.jpg
52312595108,https://live.staticflickr.com/65535/52312595108_9e166ce865_c.jpg
52276273807,https://live.staticflickr.com/65535/52276273807_b65f7b29f5_c.jpg
52250795733,https://live.staticflickr.com/65535/52250795733_bac11353bc_c.jpg
52307266769,https://live.staticflickr.com/65535/52307266769_8631aca66a_c.jpg
52311874829,https://live.staticflickr.com/65535/52311874829_cdfa9ca970_c.jpg
52419056208,https://live.staticflickr.com/65535/52419056208_3b1b130f80_c.jpg
52410996669,https://live.staticflickr.com/65535/52410996669_dc4b9acf17_c.jpg
25304809,https://live.staticflickr.com/23/25304809_0e088ac0d0_c.jpg
117331202,https://live.staticflickr.com/48/117331202_c626d6bfbf_c.jpg
148770480,https://live.staticflickr.com/48/148770480_cc85e98705_c.jpg
52408655915,https://live.staticflickr.com/65535/52408655915_58abba0a91_c.jpg
145491896,https://live.staticflickr.com/47/145491896_9325ff935b_c.jpg
23518658,https://live.staticflickr.com/16/23518658_c51f48b3b5_c.jpg
148770479,https://live.staticflickr.com/46/148770479_51d6d7a1d6_c.jpg
141015072,https://live.staticflickr.com/54/141015072_bb9cb0ef41_c.jpg
75739799,https://live.staticflickr.com/42/75739799_f2d7a5b9c1_c.jpg
168181439,https://live.staticflickr.com/44/168181439_a826b0d3d2_c.jpg
171812616,https://live.staticflickr.com/49/171812616_78c17d0b2c_c.jpg
104417410,https://live.staticflickr.com/39/104417410_22dda9a768_c.jpg
127975071,https://live.staticflickr.com/45/127975071_b5b56ac166_c.jpg
93011186,https://live.staticflickr.com/40/93011186_b110373953_c.jpg
234328347,https://live.staticflickr.com/84/234328347_15b577247e_c.jpg
153588463,https://live.staticflickr.com/44/153588463_429d3e13e0_c.jpg
185595123,https://live.staticflickr.com/65/185595123_5796b905ff_c.jpg
108056119,https://live.staticflickr.com/46/108056119_07287b60cd_c.jpg
243980192,https://live.staticflickr.com/43/243980192_9d42113b0b_c.jpg
105720047,https://live.staticflickr.com/35/105720047_2c916ca0a1_c.jpg
238191318,https://live.staticflickr.com/98/238191318_c3e9140b62_c.jpg
116869590,https://live.staticflickr.com/42/116869590_ce4bcef275_c.jpg
148770481,https://live.staticflickr.com/51/148770481_66c5c3214e_c.jpg
148150408,https://live.staticflickr.com/45/148150408_708ee5d85b_c.jpg
135300243,https://live.staticflickr.com/46/135300243_ae839767d9_c.jpg
153588462,https://live.staticflickr.com/59/153588462_452ff7b498_c.jpg
134810616,https://live.staticflickr.com/48/134810616_08979c0040_c.jpg
219076610,https://live.staticflickr.com/77/219076610_2e4fb0de4b_c.jpg
98338574,https://live.staticflickr.com/37/98338574_498e6bfe31_c.jpg
243388385,https://live.staticflickr.com/91/243388385_3562d93257_c.jpg
242644989,https://live.staticflickr.com/90/242644989_1a972d37e4_c.jpg
213513549,https://live.staticflickr.com/75/213513549_3b7974ccf5_c.jpg
358556824,https://live.staticflickr.com/152/358556824_bbd8180186_c.jpg
380430708,https://live.staticflickr.com/159/380430708_15769cb8cc_c.jpg
430617390,https://live.staticflickr.com/182/430617390_09ccbb8b5c_c.jpg
389038716,https://live.staticflickr.com/132/389038716_b7604b694d_c.jpg
430503937,https://live.staticflickr.com/184/430503937_7e5702e710_c.jpg
430503938,https://live.staticflickr.com/150/430503938_4014a212cd_c.jpg
389038721,https://live.staticflickr.com/167/389038721_666522f2e7_c.jpg
366146366,https://live.staticflickr.com/133/366146366_feea4dde4f_c.jpg
142259650,https://live.staticflickr.com/44/142259650_66c3036442_c.jpg
135352035,https://live.staticflickr.com/45/135352035_40ba460c39_c.jpg
358494169,https://live.staticflickr.com/147/358494169_74274a651d_c.jpg
406158245,https://live.staticflickr.com/134/406158245_e8127e9568_c.jpg
405853232,https://live.staticflickr.com/132/405853232_a0cdcecc60_c.jpg
389038726,https://live.staticflickr.com/144/389038726_d1301297d9_c.jpg
140492383,https://live.staticflickr.com/50/140492383_67a3f5cb49_c.jpg
389038724,https://live.staticflickr.com/167/389038724_2c701df79a_c.jpg
389038727,https://live.staticflickr.com/135/389038727_673dc31329_c.jpg
430503941,https://live.staticflickr.com/150/430503941_e3bcac54cf_c.jpg
430612706,https://live.staticflickr.com/155/430612706_67cbaf8658_c.jpg
307896943,https://live.staticflickr.com/114/307896943_6300597019_c.jpg
3609528561,https://live.staticflickr.com/3365/3609528561_51ea833e16_c.jpg
514622250,https://live.staticflickr.com/208/514622250_2dfc3e531d_c.jpg
2294530592,https://live.staticflickr.com/3195/2294530592_f08752ee2f_c.jpg
2773031767,https://live.staticflickr.com/3097/2773031767_02849655a3_c.jpg
2451509578,https://live.staticflickr.com/3067/2451509578_c4b1baca98_c.jpg
5217933197,https://live.staticflickr.com/4089/5217933197_1e45fa1137_c.jpg
3088813991,https://live.staticflickr.com/3217/3088813991_33bb58f2d1_c.jpg
3067666652,https://live.staticflickr.com/3214/3067666652_6fc798a31a_c.jpg
2801325674,https://live.staticflickr.com/3268/2801325674_13e687e1e8_c.jpg
6280536155,https://live.staticflickr.com/6053/6280536155_e169999887_c.jpg
2769628795,https://live.staticflickr.com/3091/2769628795_f6908361f5_c.jpg
6177803377,https://live.staticflickr.com/6170/6177803377_7b77c6cfc9_c.jpg
3563831367,https://live.staticflickr.com/3613/3563831367_e19d1f0d95_c.jpg
3476086155,https://live.staticflickr.com/3559/3476086155_188fd08890_c.jpg
4957797480,https://live.staticflickr.com/4083/4957797480_88726fc9be_c.jpg
2679392018,https://live.staticflickr.com/3158/2679392018_c12c0201eb_c.jpg
3067796872,https://live.staticflickr.com/3016/3067796872_423145d002_c.jpg
5218534386,https://live.staticflickr.com/5087/5218534386_1a3be81b4e_c.jpg
4878857674,https://live.staticflickr.com/4077/4878857674_815766824c_c.jpg
3067666530,https://live.staticflickr.com/3214/3067666530_b44d0170a9_c.jpg
4587937934,https://live.staticflickr.com/4041/4587937934_3541d8ecb4_c.jpg
3163850902,https://live.staticflickr.com/3104/3163850902_d763c67412_c.jpg
3126969257,https://live.staticflickr.com/3083/3126969257_2ca8f3688a_c.jpg
3749747933,https://live.staticflickr.com/2638/3749747933_e5e6b9a691_c.jpg
5014271207,https://live.staticflickr.com/4128/5014271207_4f7c319565_c.jpg
3710489976,https://live.staticflickr.com/2476/3710489976_85320b88e5_c.jpg
5206927425,https://live.staticflickr.com/5126/5206927425_879f920e05_c.jpg
5215179050,https://live.staticflickr.com/5084/5215179050_8f31f67f30_c.jpg
3318979977,https://live.staticflickr.com/3594/3318979977_8479c8dbed_c.jpg
6079182454,https://live.staticflickr.com/6190/6079182454_6a52f84c34_c.jpg
959596182,https://live.staticflickr.com/1355/959596182_9d85f6955c_c.jpg
5217958915,https://live.staticflickr.com/4090/5217958915_f5070abe3e_c.jpg
5489552511,https://live.staticflickr.com/5055/5489552511_52ded774eb_c.jpg
5007856218,https://live.staticflickr.com/4103/5007856218_5ae3e43bc2_c.jpg
4997490079,https://live.staticflickr.com/4092/4997490079_a9d5da3bd0_c.jpg
3066826193,https://live.staticflickr.com/3239/3066826193_57cfbd77b5_c.jpg
4956915308,https://live.staticflickr.com/4079/4956915308_6d3f4f2e11_c.jpg
4127194205,https://live.staticflickr.com/2790/4127194205_58fc864f88_c.jpg
5224052739,https://live.staticflickr.com/5210/5224052739_0843056101_c.jpg
5349571117,https://live.staticflickr.com/5163/5349571117_27348497be_c.jpg
5458438038,https://live.staticflickr.com/5095/5458438038_d7e6292dd9_c.jpg
4031995352,https://live.staticflickr.com/2184/4031995352_d3817d57dd_c.jpg
2695420904,https://live.staticflickr.com/3080/2695420904_21073e7b9f_c.jpg
5108861858,https://live.staticflickr.com/4128/5108861858_4a41259733_c.jpg
2783588950,https://live.staticflickr.com/3293/2783588950_110513af47_c.jpg
4655010803,https://live.staticflickr.com/4026/4655010803_275a798f1d_c.jpg
6004206339,https://live.staticflickr.com/6136/6004206339_3e842f88b5_c.jpg
5137430354,https://live.staticflickr.com/1203/5137430354_86f3a45efc_c.jpg
3067666388,https://live.staticflickr.com/3194/3067666388_c9a915d60a_c.jpg
2628819734,https://live.staticflickr.com/2202/2628819734_9164e32a3b_c.jpg
6280493907,https://live.staticflickr.com/6098/6280493907_af9e501e4e_c.jpg
2928766730,https://live.staticflickr.com/2343/2928766730_cc9b2a6dc2_c.jpg
4838501056,https://live.staticflickr.com/4125/4838501056_aed3cd5ac5_c.jpg
2892446914,https://live.staticflickr.com/3143/2892446914_1d8fde1497_c.jpg
5383595739,https://live.staticflickr.com/5220/5383595739_f719fd23df_c.jpg
5458442286,https://live.staticflickr.com/5135/5458442286_e5310585f8_c.jpg
2551395930,https://live.staticflickr.com/3117/2551395930_a5bcb2265a_c.jpg
5574312817,https://live.staticflickr.com/5021/5574312817_ca284def3d_c.jpg
5020693590,https://live.staticflickr.com/4153/5020693590_5fabfe6e61_c.jpg
6079182236,https://live.staticflickr.com/6188/6079182236_774419c50f_c.jpg
6877156507,https://live.staticflickr.com/7179/6877156507_b9e226602d_c.jpg
663441481,https://live.staticflickr.com/1201/663441481_ac631158a1_c.jpg
5770691937,https://live.staticflickr.com/2340/5770691937_66526d8b73_c.jpg
5067988009,https://live.staticflickr.com/4150/5067988009_f0bfea89c1_c.jpg
4957810788,https://live.staticflickr.com/4126/4957810788_1779206d88_c.jpg
5710621660,https://live.staticflickr.com/3366/5710621660_6a420d9dd7_c.jpg
4426239473,https://live.staticflickr.com/2783/4426239473_a7384e12c2_c.jpg
5172272943,https://live.staticflickr.com/4129/5172272943_2e5dd40a52_c.jpg
2201710949,https://live.staticflickr.com/2114/2201710949_89a0d15096_c.jpg
3536580096,https://live.staticflickr.com/3356/3536580096_d3eab7d355_c.jpg
2322451818,https://live.staticflickr.com/2138/2322451818_011250b33a_c.jpg
5140573995,https://live.staticflickr.com/1144/5140573995_8330d47dcf_c.jpg
3297389977,https://live.staticflickr.com/3134/3297389977_e86a0c8ab2_c.jpg
663441413,https://live.staticflickr.com/1009/663441413_e140579aa2_c.jpg
2165780916,https://live.staticflickr.com/2262/2165780916_44ba3df403_c.jpg
2851201525,https://live.staticflickr.com/3231/2851201525_b5be2afc86_c.jpg
6643133675,https://live.staticflickr.com/7175/6643133675_af99559300_c.jpg
2143527787,https://live.staticflickr.com/2365/2143527787_4457286871_c.jpg
5324674198,https://live.staticflickr.com/5090/5324674198_6a964ddf20_c.jpg
5149549918,https://live.staticflickr.com/4028/5149549918_911cbab759_c.jpg
5218520530,https://live.staticflickr.com/5009/5218520530_6e4ca18d08_c.jpg
5534359394,https://live.staticflickr.com/5016/5534359394_3cf40e5163_c.jpg
5900631401,https://live.staticflickr.com/5276/5900631401_9b768d64e1_c.jpg
2852039778,https://live.staticflickr.com/3209/2852039778_343ba0c457_c.jpg
2675838035,https://live.staticflickr.com/3141/2675838035_92502ea1b5_c.jpg
6877162087,https://live.staticflickr.com/7195/6877162087_caae109c06_c.jpg
3126969117,https://live.staticflickr.com/3089/3126969117_0b2a023252_c.jpg
2551406332,https://live.staticflickr.com/3046/2551406332_f86d2d3f82_c.jpg
5333127067,https://live.staticflickr.com/5202/5333127067_5c6380592a_c.jpg
2801100974,https://live.staticflickr.com/3070/2801100974_e868a85c00_c.jpg
2669833991,https://live.staticflickr.com/3072/2669833991_ee02df8456_c.jpg
2678573871,https://live.staticflickr.com/3076/2678573871_bf9fe8cf6d_c.jpg
3378812825,https://live.staticflickr.com/3563/3378812825_5c40e5b40a_c.jpg
2628812732,https://live.staticflickr.com/2293/2628812732_50a9363cc3_c.jpg
1123715903,https://live.staticflickr.com/1371/1123715903_bfa01421b4_c.jpg
4997483571,https://live.staticflickr.com/4148/4997483571_334ee6920a_c.jpg
6280566255,https://live.staticflickr.com/6060/6280566255_c46a871cb3_c.jpg
2851208229,https://live.staticflickr.com/3196/2851208229_0dabcba3d9_c.jpg
3180965191,https://live.staticflickr.com/3514/3180965191_c54f57d7c4_c.jpg
6668548855,https://live.staticflickr.com/65535/6668548855_f6267bedde_c.jpg
3066826511,https://live.staticflickr.com/3019/3066826511_e8b13c2762_c.jpg
5388357068,https://live.staticflickr.com/5214/5388357068_4c947ac655_c.jpg
4548687598,https://live.staticflickr.com/4067/4548687598_62fda72fb8_c.jpg
5211387287,https://live.staticflickr.com/5250/5211387287_20ccacbc87_c.jpg
5370126891,https://live.staticflickr.com/5247/5370126891_e2a18a4543_c.jpg
3818580880,https://live.staticflickr.com/3433/3818580880_019ce5f937_c.jpg
2475577884,https://live.staticflickr.com/2142/2475577884_17eba63151_c.jpg
1331703421,https://live.staticflickr.com/1108/1331703421_ee332c6b26_c.jpg
4392909238,https://live.staticflickr.com/4064/4392909238_dfd03f1d22_c.jpg
5770694269,https://live.staticflickr.com/2144/5770694269_7ac2836433_c.jpg
6128199491,https://live.staticflickr.com/6062/6128199491_b1a57a750e_c.jpg
3067999352,https://live.staticflickr.com/3275/3067999352_606322deb0_c.jpg
5211536157,https://live.staticflickr.com/5162/5211536157_ae95a85884_c.jpg
5065048067,https://live.staticflickr.com/4148/5065048067_66ce127337_c.jpg
5214222797,https://live.staticflickr.com/5207/5214222797_a005df4a5c_c.jpg
2384966209,https://live.staticflickr.com/2079/2384966209_242afdf9a8_c.jpg
470109047,https://live.staticflickr.com/197/470109047_d8e82aad22_c.jpg
4330864264,https://live.staticflickr.com/2739/4330864264_23f2a97ef4_c.jpg
6737095067,https://live.staticflickr.com/7168/6737095067_9203d8a621_c.jpg
5062393749,https://live.staticflickr.com/4144/5062393749_7f399d6855_c.jpg
5719312242,https://live.staticflickr.com/2564/5719312242_7cc196548e_c.jpg
6751170047,https://live.staticflickr.com/7018/6751170047_fe2ebdc660_c.jpg
5439327860,https://live.staticflickr.com/5132/5439327860_74ef8e724d_c.jpg
5066890469,https://live.staticflickr.com/4090/5066890469_3b32961f85_c.jpg
2983729464,https://live.staticflickr.com/3168/2983729464_949657b252_c.jpg
5217960147,https://live.staticflickr.com/4113/5217960147_a5c9c1daef_c.jpg
6516317797,https://live.staticflickr.com/7016/6516317797_17a9b3e0ed_c.jpg
2675838225,https://live.staticflickr.com/3280/2675838225_f76737c4b8_c.jpg
5199201550,https://live.staticflickr.com/4083/5199201550_cc1a019701_c.jpg
3818585630,https://live.staticflickr.com/2483/3818585630_238eac3e2f_c.jpg
5929595562,https://live.staticflickr.com/6124/5929595562_8948d70eb3_c.jpg
5218526386,https://live.staticflickr.com/5050/5218526386_9b5fa67424_c.jpg
4971415764,https://live.staticflickr.com/4153/4971415764_4c082d5f03_c.jpg
6058493222,https://live.staticflickr.com/6199/6058493222_52913113ec_c.jpg
5210042958,https://live.staticflickr.com/5123/5210042958_565d648787_c.jpg
801449383,https://live.staticflickr.com/1062/801449383_cbfcc38164_c.jpg
2189164364,https://live.staticflickr.com/2264/2189164364_678d34a93f_c.jpg
4957813134,https://live.staticflickr.com/4092/4957813134_542aebc2dc_c.jpg
5014266333,https://live.staticflickr.com/4152/5014266333_d5da11085e_c.jpg
5172320609,https://live.staticflickr.com/4090/5172320609_c4daa8f56b_c.jpg
5137485234,https://live.staticflickr.com/1164/5137485234_1c9796370b_c.jpg
5193339168,https://live.staticflickr.com/4091/5193339168_a1c590e8d0_c.jpg
5473506021,https://live.staticflickr.com/5017/5473506021_803cd4c9fe_c.jpg
4878838216,https://live.staticflickr.com/4137/4878838216_834c920f4a_c.jpg
3067664900,https://live.staticflickr.com/3061/3067664900_1976c51891_c.jpg
5324041891,https://live.staticflickr.com/5006/5324041891_51fc88c958_c.jpg
2364901942,https://live.staticflickr.com/2109/2364901942_5f85d42c99_c.jpg
5673507634,https://live.staticflickr.com/5022/5673507634_28cfb2ac62_c.jpg
2852041950,https://live.staticflickr.com/3181/2852041950_14d5bd3af6_c.jpg
4548047011,https://live.staticflickr.com/4050/4548047011_7f4ac7c93c_c.jpg
5461093991,https://live.staticflickr.com/5300/5461093991_f11c54786e_c.jpg
3066826827,https://live.staticflickr.com/3166/3066826827_bcb8fb6809_c.jpg
4259214788,https://live.staticflickr.com/4047/4259214788_e3f3b3cffd_c.jpg
3067664664,https://live.staticflickr.com/3236/3067664664_2fd4f8c8db_c.jpg
457920978,https://live.staticflickr.com/201/457920978_91f5de9a78_c.jpg
4265516804,https://live.staticflickr.com/2747/4265516804_cbe23c47d1_c.jpg
5710063187,https://live.staticflickr.com/3362/5710063187_5391305053_c.jpg
5185592830,https://live.staticflickr.com/4130/5185592830_fd47109774_c.jpg
5067861944,https://live.staticflickr.com/4104/5067861944_eb57a01237_c.jpg
6877142785,https://live.staticflickr.com/7048/6877142785_98c9853192_c.jpg
3378719064,https://live.staticflickr.com/3571/3378719064_4c1d112f6e_c.jpg
6642300179,https://live.staticflickr.com/7009/6642300179_a9e090e2fc_c.jpg
5447082057,https://live.staticflickr.com/5216/5447082057_60da4f5de7_c.jpg
6059015818,https://live.staticflickr.com/6187/6059015818_79b8efb787_c.jpg
4027305978,https://live.staticflickr.com/2754/4027305978_4344651c43_c.jpg
4122049490,https://live.staticflickr.com/2647/4122049490_f63482bb43_c.jpg
2901393292,https://live.staticflickr.com/3109/2901393292_68e9628594_c.jpg
663343461,https://live.staticflickr.com/1129/663343461_25f441d0b1_c.jpg
2827585854,https://live.staticflickr.com/3034/2827585854_c397643d47_c.jpg
6008117168,https://live.staticflickr.com/6001/6008117168_df24ff066f_c.jpg
5123719275,https://live.staticflickr.com/4070/5123719275_de6bf9518c_c.jpg
3743810787,https://live.staticflickr.com/2429/3743810787_ac731ac46b_c.jpg
5674797356,https://live.staticflickr.com/5181/5674797356_c115ea82ac_c.jpg
3744603074,https://live.staticflickr.com/3503/3744603074_b6af242609_c.jpg
3067665840,https://live.staticflickr.com/3205/3067665840_d1d6449f6a_c.jpg
5425843588,https://live.staticflickr.com/5297/5425843588_f7c7e59f58_c.jpg
4424076215,https://live.staticflickr.com/4072/4424076215_8807edd9ce_c.jpg
6751168057,https://live.staticflickr.com/7024/6751168057_443f80c7fc_c.jpg
2768207313,https://live.staticflickr.com/3093/2768207313_658ebdbc65_c.jpg
2470088603,https://live.staticflickr.com/2124/2470088603_29c3fdcf62_c.jpg
4979960387,https://live.staticflickr.com/4151/4979960387_d7b09f2bb4_c.jpg
3419281038,https://live.staticflickr.com/3564/3419281038_00d869f086_c.jpg
6668548611,https://live.staticflickr.com/65535/6668548611_5fcc8fd979_c.jpg
4878838746,https://live.staticflickr.com/4141/4878838746_68f2e65445_c.jpg
5125947147,https://live.staticflickr.com/1120/5125947147_50ba3e143e_c.jpg
5641520726,https://live.staticflickr.com/65535/5641520726_4ceb92c76b_c.jpg
3205183192,https://live.staticflickr.com/3411/3205183192_fb21c52762_c.jpg
6737644221,https://live.staticflickr.com/7008/6737644221_36f189beed_c.jpg
3066825497,https://live.staticflickr.com/3190/3066825497_6e92145d19_c.jpg
4099506808,https://live.staticflickr.com/2557/4099506808_38a8118af5_c.jpg
5324015095,https://live.staticflickr.com/5082/5324015095_e484753501_c.jpg
3067665186,https://live.staticflickr.com/3290/3067665186_0fc347cb55_c.jpg
4997494499,https://live.staticflickr.com/4090/4997494499_f26a73ee14_c.jpg
470099825,https://live.staticflickr.com/201/470099825_205831261d_c.jpg
2808121024,https://live.staticflickr.com/3083/2808121024_3a3962c9c7_c.jpg
5457827343,https://live.staticflickr.com/5176/5457827343_80292c79c8_c.jpg
6288872042,https://live.staticflickr.com/6043/6288872042_dcc06f5636_c.jpg
5932476825,https://live.staticflickr.com/6137/5932476825_14b57f1a3c_c.jpg
2263003370,https://live.staticflickr.com/2370/2263003370_14dc08a0a2_c.jpg
3993128295,https://live.staticflickr.com/3469/3993128295_fdb7ae6d36_c.jpg
2679568110,https://live.staticflickr.com/3108/2679568110_7a3ee1d5d1_c.jpg
5212140272,https://live.staticflickr.com/5290/5212140272_32126f2cec_c.jpg
5218513568,https://live.staticflickr.com/5248/5218513568_9f7fc46a5c_c.jpg
6757512159,https://live.staticflickr.com/7170/6757512159_301df3a730_c.jpg
2678573773,https://live.staticflickr.com/3180/2678573773_fe99d6b08d_c.jpg
6679814061,https://live.staticflickr.com/7170/6679814061_c8dffce3bc_c.jpg
5324660160,https://live.staticflickr.com/5165/5324660160_603b548482_c.jpg
2634060091,https://live.staticflickr.com/3191/2634060091_3b06ed0189_c.jpg
5211984036,https://live.staticflickr.com/5248/5211984036_322cb309e7_c.jpg
3497941582,https://live.staticflickr.com/3338/3497941582_c341044516_c.jpg
4878880830,https://live.staticflickr.com/4098/4878880830_c1fd518c42_c.jpg
2532826254,https://live.staticflickr.com/2261/2532826254_1226b2eac3_c.jpg
459082388,https://live.staticflickr.com/228/459082388_6d95d6b83d_c.jpg
2380109419,https://live.staticflickr.com/3212/2380109419_e9592822b6_c.jpg
5062470531,https://live.staticflickr.com/4087/5062470531_16b487bb3f_c.jpg
5446098354,https://live.staticflickr.com/5173/5446098354_00951e54e5_c.jpg
2357555664,https://live.staticflickr.com/2312/2357555664_d0f327a224_c.jpg
6190238462,https://live.staticflickr.com/6175/6190238462_588a19cfef_c.jpg
2067105794,https://live.staticflickr.com/2207/2067105794_5bcd57a799_c.jpg
4956312621,https://live.staticflickr.com/4107/4956312621_a8a063e101_c.jpg
3067665258,https://live.staticflickr.com/3145/3067665258_27f3e647db_c.jpg
3076877410,https://live.staticflickr.com/3162/3076877410_a7e1746972_c.jpg
5465675057,https://live.staticflickr.com/5256/5465675057_864227ebbf_c.jpg
5067241275,https://live.staticflickr.com/4130/5067241275_5460c31c00_c.jpg
5184669993,https://live.staticflickr.com/4132/5184669993_df7203b5b5_c.jpg
5179314927,https://live.staticflickr.com/1133/5179314927_bf98c0fc7f_c.jpg
2399695371,https://live.staticflickr.com/2286/2399695371_6286e072bb_c.jpg
6811887557,https://live.staticflickr.com/7163/6811887557_fb859ae7f4_c.jpg
517487061,https://live.staticflickr.com/227/517487061_8c36e3b288_c.jpg
5350175396,https://live.staticflickr.com/5085/5350175396_2bf08aa244_c.jpg
5209661383,https://live.staticflickr.com/4103/5209661383_21e6a938bf_c.jpg
5674796116,https://live.staticflickr.com/5108/5674796116_59fd8398ae_c.jpg
2530508978,https://live.staticflickr.com/3129/2530508978_24d53dbb5f_c.jpg
3428593654,https://live.staticflickr.com/3538/3428593654_c9e6c37321_c.jpg
52319725501,https://live.staticflickr.com/65535/52319725501_819dac73ce_c.jpg
5172953926,https://live.staticflickr.com/4092/5172953926_2ffc40c28a_c.jpg
4114539026,https://live.staticflickr.com/2728/4114539026_6b70b89525_c.jpg
5218536078,https://live.staticflickr.com/4111/5218536078_4fca7ecbde_c.jpg
5172363377,https://live.staticflickr.com/4084/5172363377_f773a5c067_c.jpg
4878204191,https://live.staticflickr.com/4093/4878204191_4133999ab9_c.jpg
6516316645,https://live.staticflickr.com/7021/6516316645_2a34860ee3_c.jpg
3485113397,https://live.staticflickr.com/3613/3485113397_8b7991cf5d_c.jpg
5710068115,https://live.staticflickr.com/3428/5710068115_a6a1b71761_c.jpg
6217636066,https://live.staticflickr.com/6174/6217636066_0d3e51910d_c.jpg
3925670604,https://live.staticflickr.com/2427/3925670604_d63e4bf9dd_c.jpg
5324605918,https://live.staticflickr.com/5288/5324605918_bc2772a1b2_c.jpg
2839640606,https://live.staticflickr.com/3191/2839640606_72d4247204_c.jpg
2667172834,https://live.staticflickr.com/3132/2667172834_84c3afa2b5_c.jpg
3307972795,https://live.staticflickr.com/3439/3307972795_7aacfc4869_c.jpg
6877144019,https://live.staticflickr.com/7037/6877144019_4eb8f7055e_c.jpg
2470089057,https://live.staticflickr.com/2163/2470089057_536129b373_c.jpg
5199205058,https://live.staticflickr.com/4152/5199205058_f9afc5ff38_c.jpg
3610341792,https://live.staticflickr.com/3558/3610341792_b8ba3c75a0_c.jpg
2551404594,https://live.staticflickr.com/3277/2551404594_58757a02b5_c.jpg
5181923511,https://live.staticflickr.com/1425/5181923511_984b9529fe_c.jpg
6230194216,https://live.staticflickr.com/6225/6230194216_e42dba2220_c.jpg
641247312,https://live.staticflickr.com/1397/641247312_267482bd59_c.jpg
5209997214,https://live.staticflickr.com/4148/5209997214_db8c29d292_c.jpg
6743170347,https://live.staticflickr.com/7160/6743170347_6a6b0e22f0_c.jpg
5324006021,https://live.staticflickr.com/5162/5324006021_b222ee9998_c.jpg
5972912599,https://live.staticflickr.com/6134/5972912599_9f7409e57c_c.jpg
3765970551,https://live.staticflickr.com/3463/3765970551_668f43ea44_c.jpg
2892706400,https://live.staticflickr.com/3078/2892706400_920719db9a_c.jpg
3066958047,https://live.staticflickr.com/3211/3066958047_1372c899b4_c.jpg
3067665568,https://live.staticflickr.com/3071/3067665568_d1edcff871_c.jpg
5114842581,https://live.staticflickr.com/1174/5114842581_81ee5045f7_c.jpg
3238452706,https://live.staticflickr.com/3522/3238452706_d00d7b0d0a_c.jpg
3409000000,https://live.staticflickr.com/3617/3409000000_b4513a2850_c.jpg
4957799632,https://live.staticflickr.com/4078/4957799632_71a273b131_c.jpg
3227392417,https://live.staticflickr.com/3331/3227392417_ac518787b7_c.jpg
2546815687,https://live.staticflickr.com/3113/2546815687_5dfc445101_c.jpg
4878795996,https://live.staticflickr.com/4100/4878795996_f9cfc299a8_c.jpg
3067999080,https://live.staticflickr.com/3245/3067999080_455475df97_c.jpg
2400529102,https://live.staticflickr.com/2202/2400529102_f316e39bc2_c.jpg
5551334162,https://live.staticflickr.com/5269/5551334162_2b80aa507a_c.jpg
4498786821,https://live.staticflickr.com/4029/4498786821_9880422783_c.jpg
5172820178,https://live.staticflickr.com/4133/5172820178_7f3a5f4f2f_c.jpg
6692582381,https://live.staticflickr.com/65535/6692582381_4669b82e69_c.jpg
3127797802,https://live.staticflickr.com/3230/3127797802_be06098027_c.jpg
5384583197,https://live.staticflickr.com/5214/5384583197_20e7bc2925_c.jpg
5216861139,https://live.staticflickr.com/5129/5216861139_cc7a913e2b_c.jpg
2846869118,https://live.staticflickr.com/3164/2846869118_7ae1e38261_c.jpg
5161719763,https://live.staticflickr.com/1322/5161719763_abd81407c2_c.jpg
5065182177,https://live.staticflickr.com/4106/5065182177_fd45920b45_c.jpg
2626650185,https://live.staticflickr.com/3147/2626650185_d1b1bbb919_c.jpg
6079182160,https://live.staticflickr.com/6068/6079182160_370419975f_c.jpg
3203705062,https://live.staticflickr.com/3334/3203705062_b91290dfc9_c.jpg
3310276376,https://live.staticflickr.com/3284/3310276376_6508a570df_c.jpg
2374751042,https://live.staticflickr.com/3001/2374751042_116e096e42_c.jpg
2815962333,https://live.staticflickr.com/3078/2815962333_4c5247a5b4_c.jpg
5184981513,https://live.staticflickr.com/1279/5184981513_e11f2446e1_c.jpg
5368605256,https://live.staticflickr.com/5210/5368605256_70928c8a31_c.jpg
5349567871,https://live.staticflickr.com/5007/5349567871_ba9fe969cb_c.jpg
3057490137,https://live.staticflickr.com/3036/3057490137_257ab8b205_c.jpg
5123725009,https://live.staticflickr.com/4039/5123725009_ea18449fe0_c.jpg
6146695113,https://live.staticflickr.com/6061/6146695113_71c9776196_c.jpg
3928387665,https://live.staticflickr.com/3471/3928387665_c1a6b01dc7_c.jpg
5770689611,https://live.staticflickr.com/2189/5770689611_1b73465cea_c.jpg
2209950308,https://live.staticflickr.com/2085/2209950308_5d4ab0bcd1_c.jpg
5199156630,https://live.staticflickr.com/4131/5199156630_ff3b5d131d_c.jpg
4957224087,https://live.staticflickr.com/4089/4957224087_2aed169a8c_c.jpg
2282658973,https://live.staticflickr.com/3184/2282658973_7e43b86692_c.jpg
6668549747,https://live.staticflickr.com/65535/6668549747_6a0da269fc_c.jpg
6877144567,https://live.staticflickr.com/7041/6877144567_52e49abeb5_c.jpg
5591550937,https://live.staticflickr.com/5028/5591550937_5210bedbbc_c.jpg
5445542367,https://live.staticflickr.com/4078/5445542367_9076846259_c.jpg
3902014830,https://live.staticflickr.com/2466/3902014830_884bfdc043_c.jpg
5094748904,https://live.staticflickr.com/4107/5094748904_d17413673b_c.jpg
5137410210,https://live.staticflickr.com/1141/5137410210_37a35e0f35_c.jpg
5364684628,https://live.staticflickr.com/5127/5364684628_b9f1d98985_c.jpg
2366295873,https://live.staticflickr.com/3206/2366295873_5f43461070_c.jpg
4330863796,https://live.staticflickr.com/4018/4330863796_307bdb0823_c.jpg
5430794900,https://live.staticflickr.com/5055/5430794900_4c77038bc2_c.jpg
5211272532,https://live.staticflickr.com/4131/5211272532_47aa283261_c.jpg
6877151955,https://live.staticflickr.com/7187/6877151955_c96600a8dc_c.jpg
473622440,https://live.staticflickr.com/181/473622440_7510442094_c.jpg
2628821490,https://live.staticflickr.com/3166/2628821490_1a3208c48e_c.jpg
2810748606,https://live.staticflickr.com/3293/2810748606_4a7812c531_c.jpg
5214816604,https://live.staticflickr.com/4092/5214816604_ec1eaec4c3_c.jpg
1336938445,https://live.staticflickr.com/1381/1336938445_601ff5994d_c.jpg
2551435092,https://live.staticflickr.com/3264/2551435092_98a0af27aa_c.jpg
5137497584,https://live.staticflickr.com/1143/5137497584_da228c7bd4_c.jpg
5533362096,https://live.staticflickr.com/5216/5533362096_eabca61f25_c.jpg
2339352707,https://live.staticflickr.com/3151/2339352707_e14babc6f2_c.jpg
2265680424,https://live.staticflickr.com/2093/2265680424_5a0b5ddf8f_c.jpg
3609492485,https://live.staticflickr.com/2467/3609492485_7e15f271a7_c.jpg
3423982777,https://live.staticflickr.com/3229/3423982777_780039fff8_c.jpg
2675838077,https://live.staticflickr.com/3163/2675838077_a4b1b2688e_c.jpg
5054767642,https://live.staticflickr.com/4130/5054767642_81dee16a88_c.jpg
5231443595,https://live.staticflickr.com/5203/5231443595_7400d6957e_c.jpg
3067664584,https://live.staticflickr.com/3023/3067664584_f380e81093_c.jpg
1240600100,https://live.staticflickr.com/1394/1240600100_d8c94ae648_c.jpg
3901400767,https://live.staticflickr.com/3418/3901400767_fa449e0d6b_c.jpg
5254887815,https://live.staticflickr.com/5128/5254887815_f0739532ca_c.jpg
4122050554,https://live.staticflickr.com/2795/4122050554_0b05ac0202_c.jpg
5933303256,https://live.staticflickr.com/6143/5933303256_96997ac289_c.jpg
3067999194,https://live.staticflickr.com/3038/3067999194_9a58cf7a6d_c.jpg
5065776840,https://live.staticflickr.com/4104/5065776840_31db042152_c.jpg
663503451,https://live.staticflickr.com/1037/663503451_edfe8182c7_c.jpg
6178837629,https://live.staticflickr.com/6173/6178837629_8dd3ba9225_c.jpg
2400529024,https://live.staticflickr.com/3056/2400529024_300149f1d8_c.jpg
2723892637,https://live.staticflickr.com/3029/2723892637_18bd929fc9_c.jpg
5148949635,https://live.staticflickr.com/1396/5148949635_7598816d01_c.jpg
4957808860,https://live.staticflickr.com/4106/4957808860_e2974b924c_c.jpg
3260446696,https://live.staticflickr.com/3382/3260446696_dc76ebd4af_c.jpg
3066827255,https://live.staticflickr.com/3254/3066827255_c731e5d32b_c.jpg
2826748031,https://live.staticflickr.com/3166/2826748031_a9fb3e2498_c.jpg
5136789923,https://live.staticflickr.com/1384/5136789923_29709eb9da_c.jpg
2679392162,https://live.staticflickr.com/3018/2679392162_04fd25bc7c_c.jpg
3043124530,https://live.staticflickr.com/3202/3043124530_e60f848f06_c.jpg
3067665418,https://live.staticflickr.com/3069/3067665418_4de1ac0a3b_c.jpg
3159819320,https://live.staticflickr.com/3252/3159819320_020bbc1443_c.jpg
2670657216,https://live.staticflickr.com/3180/2670657216_37e4405f0c_c.jpg
2488657973,https://live.staticflickr.com/2123/2488657973_506e02fe58_c.jpg
2672906531,https://live.staticflickr.com/3104/2672906531_807a7c9960_c.jpg
663441255,https://live.staticflickr.com/1240/663441255_6e3ecc0cb2_c.jpg
6280450201,https://live.staticflickr.com/6041/6280450201_dea3833564_c.jpg
3067666600,https://live.staticflickr.com/3205/3067666600_30a2c3b0a5_c.jpg
2373295665,https://live.staticflickr.com/3043/2373295665_03f083470c_c.jpg
3078902292,https://live.staticflickr.com/3059/3078902292_8c8ffe25a4_c.jpg
2900549123,https://live.staticflickr.com/3250/2900549123_3caae280ca_c.jpg
3384675110,https://live.staticflickr.com/3472/3384675110_57e2d9080f_c.jpg
3204336395,https://live.staticflickr.com/3414/3204336395_489affd6d5_c.jpg
5591550753,https://live.staticflickr.com/5144/5591550753_17e6ab350d_c.jpg
4587940966,https://live.staticflickr.com/3323/4587940966_9e0681cb07_c.jpg
4587939674,https://live.staticflickr.com/3311/4587939674_e13d5a476a_c.jpg
2851209979,https://live.staticflickr.com/3205/2851209979_b570b27be9_c.jpg
5231345741,https://live.staticflickr.com/5087/5231345741_663794a217_c.jpg
5710063727,https://live.staticflickr.com/2113/5710063727_d588279069_c.jpg
5198557975,https://live.staticflickr.com/4128/5198557975_6d1b389380_c.jpg
5475891053,https://live.staticflickr.com/5055/5475891053_b06f4e0502_c.jpg
5187330479,https://live.staticflickr.com/4107/5187330479_93ba74628b_c.jpg
4878812486,https://live.staticflickr.com/4120/4878812486_a76edae6f6_c.jpg
3778388831,https://live.staticflickr.com/2425/3778388831_4a0438ba73_c.jpg
2991178125,https://live.staticflickr.com/3073/2991178125_7054713a63_c.jpg
5245831559,https://live.staticflickr.com/5005/5245831559_f69e8fd835_c.jpg
3067161115,https://live.staticflickr.com/3032/3067161115_6950f39e84_c.jpg
6222180889,https://live.staticflickr.com/6156/6222180889_ebfaf81cf1_c.jpg
632427415,https://live.staticflickr.com/1110/632427415_a91ea94213_c.jpg
6826996169,https://live.staticflickr.com/7164/6826996169_27ac74e52a_c.jpg
5065667006,https://live.staticflickr.com/4109/5065667006_1aa6ba10a0_c.jpg
2555603902,https://live.staticflickr.com/3109/2555603902_33f3c873d0_c.jpg
4211081905,https://live.staticflickr.com/2494/4211081905_2004a543f9_c.jpg
2143661588,https://live.staticflickr.com/2352/2143661588_b9c6eefd4d_c.jpg
5172959114,https://live.staticflickr.com/4128/5172959114_98b6e3f167_c.jpg
6685414423,https://live.staticflickr.com/7151/6685414423_cc355d2311_c.jpg
456739353,https://live.staticflickr.com/204/456739353_1bc1114e2b_c.jpg
5568613205,https://live.staticflickr.com/5135/5568613205_94cea73228_c.jpg
1304781585,https://live.staticflickr.com/1034/1304781585_997178e91b_c.jpg
4933675243,https://live.staticflickr.com/4123/4933675243_1def161136_c.jpg
1693606017,https://live.staticflickr.com/2309/1693606017_cb5470d2fe_c.jpg
2340185820,https://live.staticflickr.com/2125/2340185820_104787822c_c.jpg
3744605616,https://live.staticflickr.com/3470/3744605616_602433645b_c.jpg
5210661199,https://live.staticflickr.com/4133/5210661199_d0b2c1efa6_c.jpg
3605178940,https://live.staticflickr.com/3405/3605178940_68e3ab8037_c.jpg
3744602622,https://live.staticflickr.com/2668/3744602622_98c800faff_c.jpg
3199938588,https://live.staticflickr.com/3377/3199938588_b6b86564ea_c.jpg
6226270738,https://live.staticflickr.com/6220/6226270738_0c5c77d0b4_c.jpg
2994811160,https://live.staticflickr.com/3239/2994811160_dbc0bf8525_c.jpg
3536803332,https://live.staticflickr.com/2103/3536803332_904e883c58_c.jpg
5179315877,https://live.staticflickr.com/4112/5179315877_d7a0303775_c.jpg
5094745160,https://live.staticflickr.com/4131/5094745160_84c21a8cbd_c.jpg
5980755414,https://live.staticflickr.com/6008/5980755414_62613b2e54_c.jpg
3966356923,https://live.staticflickr.com/2442/3966356923_9856dcd56b_c.jpg
5065145243,https://live.staticflickr.com/4130/5065145243_345394c04e_c.jpg
3066825459,https://live.staticflickr.com/3040/3066825459_41eda74187_c.jpg
3536814710,https://live.staticflickr.com/2072/3536814710_4ee307c254_c.jpg
3067813596,https://live.staticflickr.com/3141/3067813596_e03d695750_c.jpg
5062395227,https://live.staticflickr.com/4084/5062395227_d338eb48dc_c.jpg
5125879584,https://live.staticflickr.com/4125/5125879584_3fa9b51084_c.jpg
2550576439,https://live.staticflickr.com/3053/2550576439_86444e8b30_c.jpg
4328443856,https://live.staticflickr.com/4034/4328443856_8c85d5b2a7_c.jpg
1392521719,https://live.staticflickr.com/1188/1392521719_f2323101d9_c.jpg
5016945913,https://live.staticflickr.com/4108/5016945913_ac29fd0ea0_c.jpg
5054334061,https://live.staticflickr.com/4084/5054334061_2ecce48600_c.jpg
3141534638,https://live.staticflickr.com/3294/3141534638_4e7aef6065_c.jpg
1309868578,https://live.staticflickr.com/1182/1309868578_34a8c999d8_c.jpg
6236841227,https://live.staticflickr.com/6237/6236841227_196acc6972_c.jpg
5192795649,https://live.staticflickr.com/4152/5192795649_2aef511725_c.jpg
5177479850,https://live.staticflickr.com/1358/5177479850_9a4ebb4197_c.jpg
5014870848,https://live.staticflickr.com/4132/5014870848_44e5cc081f_c.jpg
6009419621,https://live.staticflickr.com/6025/6009419621_b651b082a5_c.jpg
5342675311,https://live.staticflickr.com/5082/5342675311_d3b24f3442_c.jpg
5210260072,https://live.staticflickr.com/5208/5210260072_c314ef15b3_c.jpg
3066825739,https://live.staticflickr.com/3041/3066825739_15bb0ef009_c.jpg
5419790210,https://live.staticflickr.com/5295/5419790210_43f35da7c0_c.jpg
5065663730,https://live.staticflickr.com/4112/5065663730_8e09fbd410_c.jpg
5123721987,https://live.staticflickr.com/1434/5123721987_2ee421f438_c.jpg
5458599966,https://live.staticflickr.com/5174/5458599966_1c9e1b5139_c.jpg
5710623492,https://live.staticflickr.com/3431/5710623492_193cf71740_c.jpg
6219658123,https://live.staticflickr.com/6223/6219658123_442b1595da_c.jpg
3067999120,https://live.staticflickr.com/3276/3067999120_6db763f0cc_c.jpg
2204403748,https://live.staticflickr.com/2121/2204403748_67488cf9e1_c.jpg
6027926925,https://live.staticflickr.com/6192/6027926925_a8c4a53337_c.jpg
6877159749,https://live.staticflickr.com/7047/6877159749_9b2bc48465_c.jpg
5067997669,https://live.staticflickr.com/4112/5067997669_d29884a36a_c.jpg
3020832328,https://live.staticflickr.com/3291/3020832328_cd46782091_c.jpg
4957207321,https://live.staticflickr.com/4149/4957207321_a462ce3fa1_c.jpg
5176874663,https://live.staticflickr.com/1383/5176874663_1319ec28ae_c.jpg
5461094633,https://live.staticflickr.com/5097/5461094633_012efde7e0_c.jpg
5241698497,https://live.staticflickr.com/5086/5241698497_4e74f7d54c_c.jpg
2776611921,https://live.staticflickr.com/3251/2776611921_f2368cb5a9_c.jpg
2544368048,https://live.staticflickr.com/2167/2544368048_936e19dc58_c.jpg
3067161327,https://live.staticflickr.com/3271/3067161327_5797aea77d_c.jpg
3052426826,https://live.staticflickr.com/3044/3052426826_233f07d4e5_c.jpg
2851205771,https://live.staticflickr.com/3273/2851205771_f25df4bd02_c.jpg
6811899387,https://live.staticflickr.com/7035/6811899387_dbb3dd270c_c.jpg
5364674866,https://live.staticflickr.com/5045/5364674866_8b0ab8f22d_c.jpg
5210262714,https://live.staticflickr.com/5164/5210262714_53b06977ee_c.jpg
4957800764,https://live.staticflickr.com/4089/4957800764_b8769bcef7_c.jpg
2842461354,https://live.staticflickr.com/3165/2842461354_8ac1ce0fbc_c.jpg
6068188693,https://live.staticflickr.com/6196/6068188693_8c7ecab9b6_c.jpg
395274562,https://live.staticflickr.com/150/395274562_da4bfb4d84_c.jpg
632427557,https://live.staticflickr.com/1358/632427557_6ac498da4d_c.jpg
4587317027,https://live.staticflickr.com/4051/4587317027_a9222627d6_c.jpg
5224652446,https://live.staticflickr.com/5245/5224652446_4c0c37dfde_c.jpg
5332390871,https://live.staticflickr.com/5048/5332390871_eec10e3853_c.jpg
2679392188,https://live.staticflickr.com/3092/2679392188_4d42d67a4b_c.jpg
4418985117,https://live.staticflickr.com/4015/4418985117_940510b7ea_c.jpg
2666350613,https://live.staticflickr.com/3230/2666350613_d2bec1ebc9_c.jpg
5330721854,https://live.staticflickr.com/5203/5330721854_dfa0f17ef5_c.jpg
3067666742,https://live.staticflickr.com/3069/3067666742_fbc0c1941d_c.jpg
2470089505,https://live.staticflickr.com/3087/2470089505_4c692b6a7d_c.jpg
3744601180,https://live.staticflickr.com/3433/3744601180_8838f5dd4c_c.jpg
4436438128,https://live.staticflickr.com/2741/4436438128_5c0f0ec0d9_c.jpg
6078643335,https://live.staticflickr.com/6187/6078643335_bf67358a35_c.jpg
3523711704,https://live.staticflickr.com/3386/3523711704_64ba8bf59e_c.jpg
5367924768,https://live.staticflickr.com/5161/5367924768_36b2231018_c.jpg
1353115650,https://live.staticflickr.com/1273/1353115650_8467428d89_c.jpg
6079396311,https://live.staticflickr.com/6063/6079396311_86b331b377_c.jpg
5063009292,https://live.staticflickr.com/4086/5063009292_8688ec50e9_c.jpg
6094534752,https://live.staticflickr.com/6191/6094534752_4f1ecb8413_c.jpg
5193393840,https://live.staticflickr.com/4145/5193393840_d05798bfdf_c.jpg
3254199080,https://live.staticflickr.com/3483/3254199080_055ef1dd76_c.jpg
452137698,https://live.staticflickr.com/203/452137698_425e4b65f9_c.jpg
5065796368,https://live.staticflickr.com/4131/5065796368_bc65a07d3d_c.jpg
5785550126,https://live.staticflickr.com/2653/5785550126_e112e3c3ca_c.jpg
5333028961,https://live.staticflickr.com/5283/5333028961_beaca2c858_c.jpg
2519449968,https://live.staticflickr.com/2012/2519449968_f50dfd8bb9_c.jpg
4587937440,https://live.staticflickr.com/4045/4587937440_fa79f08989_c.jpg
5211530947,https://live.staticflickr.com/5082/5211530947_d2bb14fca7_c.jpg
5968998301,https://live.staticflickr.com/6147/5968998301_48e0c8a4d7_c.jpg
5571456467,https://live.staticflickr.com/5101/5571456467_5299e0fb6f_c.jpg
5094740022,https://live.staticflickr.com/4128/5094740022_32afba49b4_c.jpg
6049970585,https://live.staticflickr.com/6079/6049970585_c899ed3985_c.jpg
3766765312,https://live.staticflickr.com/2635/3766765312_9ccb7de4d9_c.jpg
706176044,https://live.staticflickr.com/1227/706176044_814df87564_c.jpg
5137383930,https://live.staticflickr.com/4030/5137383930_7d51e415e9_c.jpg
4968722864,https://live.staticflickr.com/4118/4968722864_00993be760_c.jpg
3302366991,https://live.staticflickr.com/3321/3302366991_449885ce8e_c.jpg
2904268830,https://live.staticflickr.com/3198/2904268830_da18699757_c.jpg
6388324867,https://live.staticflickr.com/7028/6388324867_22c2904216_c.jpg
5181921137,https://live.staticflickr.com/1292/5181921137_9f2d58a241_c.jpg
5126612234,https://live.staticflickr.com/1080/5126612234_a1d27192e6_c.jpg
2826750587,https://live.staticflickr.com/3121/2826750587_2a17b18b29_c.jpg
3391551052,https://live.staticflickr.com/3175/3391551052_7a0671fa03_c.jpg
2785525049,https://live.staticflickr.com/3284/2785525049_8eae58b9cc_c.jpg
3749940653,https://live.staticflickr.com/2431/3749940653_afd907c85d_c.jpg
3005004136,https://live.staticflickr.com/3212/3005004136_52a44609c7_c.jpg
5226660481,https://live.staticflickr.com/5282/5226660481_4cf2c44af9_c.jpg
5198608967,https://live.staticflickr.com/4129/5198608967_0bc0a7f3a7_c.jpg
5232658292,https://live.staticflickr.com/5046/5232658292_0573d15516_c.jpg
3067796940,https://live.staticflickr.com/3181/3067796940_ef4d917378_c.jpg
5446108974,https://live.staticflickr.com/5292/5446108974_0a588d4393_c.jpg
668956849,https://live.staticflickr.com/1002/668956849_138f59c659_c.jpg
2852038886,https://live.staticflickr.com/3016/2852038886_b180a748dd_c.jpg
5465675489,https://live.staticflickr.com/5175/5465675489_90217d67db_c.jpg
5141171094,https://live.staticflickr.com/1064/5141171094_b669c4144b_c.jpg
5016949069,https://live.staticflickr.com/4153/5016949069_873a8cf57c_c.jpg
5193338450,https://live.staticflickr.com/4151/5193338450_d271501bcf_c.jpg
2847929262,https://live.staticflickr.com/3197/2847929262_6540121edd_c.jpg
6252855037,https://live.staticflickr.com/6091/6252855037_ccbb0c8ec5_c.jpg
5710632186,https://live.staticflickr.com/2761/5710632186_da81777b03_c.jpg
6642329467,https://live.staticflickr.com/7022/6642329467_de833e622e_c.jpg
3426337660,https://live.staticflickr.com/3299/3426337660_ca8a99b697_c.jpg
6038562929,https://live.staticflickr.com/6135/6038562929_3ff8bc67b2_c.jpg
2640082060,https://live.staticflickr.com/3065/2640082060_74732cb394_c.jpg
5172969134,https://live.staticflickr.com/4144/5172969134_5f4c7bf81d_c.jpg
5217952281,https://live.staticflickr.com/4124/5217952281_fc1de68927_c.jpg
5063002942,https://live.staticflickr.com/4110/5063002942_c3e77fe6e3_c.jpg
2678573893,https://live.staticflickr.com/3196/2678573893_259b5a527e_c.jpg
3067161413,https://live.staticflickr.com/3280/3067161413_d31340c791_c.jpg
5068601136,https://live.staticflickr.com/4147/5068601136_72c26801dc_c.jpg
3527534643,https://live.staticflickr.com/2158/3527534643_6b705afc36_c.jpg
6246161922,https://live.staticflickr.com/6116/6246161922_93d9ee2903_c.jpg
415449174,https://live.staticflickr.com/147/415449174_6e69194f05_c.jpg
5710627128,https://live.staticflickr.com/2308/5710627128_bc9805df8a_c.jpg
5809127217,https://live.staticflickr.com/3204/5809127217_0a17879b83_c.jpg
2678573803,https://live.staticflickr.com/3131/2678573803_1eeeb53790_c.jpg
5072029839,https://live.staticflickr.com/4128/5072029839_26bba48ae5_c.jpg
6811880529,https://live.staticflickr.com/7011/6811880529_2ef6742c4d_c.jpg
5987121672,https://live.staticflickr.com/6026/5987121672_73bc401731_c.jpg
2293150473,https://live.staticflickr.com/2306/2293150473_c7de3ef2a2_c.jpg
4957208199,https://live.staticflickr.com/4149/4957208199_edd97b8aa0_c.jpg
4031995342,https://live.staticflickr.com/2693/4031995342_8fcaf829a7_c.jpg
5207523968,https://live.staticflickr.com/5164/5207523968_64759baae8_c.jpg
5176875307,https://live.staticflickr.com/1412/5176875307_d77a6a5c01_c.jpg
5064089771,https://live.staticflickr.com/4112/5064089771_15944ed6f4_c.jpg
2910672592,https://live.staticflickr.com/3288/2910672592_d917990a88_c.jpg
5231344297,https://live.staticflickr.com/5129/5231344297_a6a0eb9e39_c.jpg
3562862609,https://live.staticflickr.com/2467/3562862609_03fbeb7371_c.jpg
5324667328,https://live.staticflickr.com/5164/5324667328_f5a6041bb2_c.jpg
3198991086,https://live.staticflickr.com/3330/3198991086_edb379c4fe_c.jpg
3163848858,https://live.staticflickr.com/3265/3163848858_ba355d8e7f_c.jpg
5148946841,https://live.staticflickr.com/1152/5148946841_aa502df774_c.jpg
5172980476,https://live.staticflickr.com/4126/5172980476_ce47b8f563_c.jpg
5199200250,https://live.staticflickr.com/4107/5199200250_6cc828636e_c.jpg
5172271535,https://live.staticflickr.com/4127/5172271535_737bedb0c3_c.jpg
3067797044,https://live.staticflickr.com/3165/3067797044_d96bf60dba_c.jpg
5384586275,https://live.staticflickr.com/5211/5384586275_11ccc3070e_c.jpg
5966463646,https://live.staticflickr.com/6126/5966463646_a2254d4764_c.jpg
663441445,https://live.staticflickr.com/1259/663441445_eca209f9f6_c.jpg
5067866036,https://live.staticflickr.com/4088/5067866036_978895539b_c.jpg
6877159065,https://live.staticflickr.com/7046/6877159065_f650d851f3_c.jpg
3205190538,https://live.staticflickr.com/3437/3205190538_1a768cccea_c.jpg
5231775699,https://live.staticflickr.com/5083/5231775699_8207096ebb_c.jpg
5571484899,https://live.staticflickr.com/5292/5571484899_3e2596124a_c.jpg
5185584870,https://live.staticflickr.com/4147/5185584870_f1dcfcf2bf_c.jpg
6280461337,https://live.staticflickr.com/6211/6280461337_5f09040bb5_c.jpg
5767305165,https://live.staticflickr.com/5065/5767305165_fc02c11b64_c.jpg
2113548160,https://live.staticflickr.com/2295/2113548160_aa713100a6_c.jpg
6173264120,https://live.staticflickr.com/6153/6173264120_bf4a52c2ee_c.jpg
5065809850,https://live.staticflickr.com/4109/5065809850_a11c1f1c19_c.jpg
3744602172,https://live.staticflickr.com/3432/3744602172_3fbe615168_c.jpg
2256684197,https://live.staticflickr.com/2205/2256684197_e34e156b91_c.jpg
3751166175,https://live.staticflickr.com/2465/3751166175_eaab1ab73b_c.jpg
6730573531,https://live.staticflickr.com/7170/6730573531_319d001899_c.jpg
2634153977,https://live.staticflickr.com/3076/2634153977_e147ffbe26_c.jpg
6034228063,https://live.staticflickr.com/6150/6034228063_1b3406db25_c.jpg
3117917646,https://live.staticflickr.com/3169/3117917646_ec18b1432d_c.jpg
4017933842,https://live.staticflickr.com/2560/4017933842_1e59756def_c.jpg
6811871959,https://live.staticflickr.com/7156/6811871959_2f0d34b30c_c.jpg
5419186813,https://live.staticflickr.com/5251/5419186813_d9cb48b5c6_c.jpg
6145014724,https://live.staticflickr.com/6086/6145014724_9e6e816a7f_c.jpg
5172989874,https://live.staticflickr.com/4132/5172989874_6abac507f6_c.jpg
4957207571,https://live.staticflickr.com/4104/4957207571_7738cc6117_c.jpg
5324012275,https://live.staticflickr.com/5290/5324012275_9e8e73e62a_c.jpg
3067796990,https://live.staticflickr.com/3234/3067796990_105fffe31f_c.jpg
3066825905,https://live.staticflickr.com/3035/3066825905_8ed210a361_c.jpg
5217912627,https://live.staticflickr.com/4128/5217912627_0fa22cc164_c.jpg
3067999234,https://live.staticflickr.com/3055/3067999234_cd48f7d3c4_c.jpg
2174745668,https://live.staticflickr.com/2180/2174745668_b6819c8127_c.jpg
4059611580,https://live.staticflickr.com/2610/4059611580_f90a18331a_c.jpg
5184673047,https://live.staticflickr.com/1037/5184673047_3c069af42f_c.jpg
5232031802,https://live.staticflickr.com/5121/5232031802_409863a385_c.jpg
5324623078,https://live.staticflickr.com/5282/5324623078_caae810598_c.jpg
2851200643,https://live.staticflickr.com/3221/2851200643_dc1602ef42_c.jpg
3192386906,https://live.staticflickr.com/3351/3192386906_9011d3f307_c.jpg
4956898168,https://live.staticflickr.com/4147/4956898168_92fd0cfa6b_c.jpg
3421819184,https://live.staticflickr.com/3608/3421819184_ba7683c1f8_c.jpg
5364688616,https://live.staticflickr.com/5206/5364688616_a83dcf5f57_c.jpg
5445486695,https://live.staticflickr.com/5172/5445486695_bfdbf0419d_c.jpg
3005005058,https://live.staticflickr.com/3048/3005005058_b5d10e63d5_c.jpg
5571460231,https://live.staticflickr.com/5143/5571460231_db589875fd_c.jpg
3610305916,https://live.staticflickr.com/3332/3610305916_7559b06f0f_c.jpg
3170137798,https://live.staticflickr.com/1153/3170137798_d5b7368cba_c.jpg
4256748326,https://live.staticflickr.com/4023/4256748326_5f297b119f_c.jpg
2212345591,https://live.staticflickr.com/2253/2212345591_39ffe1accb_c.jpg
4427004366,https://live.staticflickr.com/4050/4427004366_eccebc7eeb_c.jpg
6877145311,https://live.staticflickr.com/7207/6877145311_9efc80dc69_c.jpg
6252854881,https://live.staticflickr.com/6112/6252854881_dda471d2a1_c.jpg
5447646384,https://live.staticflickr.com/5131/5447646384_96c87605e6_c.jpg
2851204841,https://live.staticflickr.com/3251/2851204841_8d06071135_c.jpg
5181918775,https://live.staticflickr.com/4154/5181918775_a67b487d9d_c.jpg
3066825421,https://live.staticflickr.com/3165/3066825421_3d894a0ba0_c.jpg
5332959791,https://live.staticflickr.com/5243/5332959791_291a05052d_c.jpg
3067664778,https://live.staticflickr.com/3225/3067664778_e97b7a9c32_c.jpg
2986397332,https://live.staticflickr.com/3150/2986397332_c7a5a31a31_c.jpg
6169948909,https://live.staticflickr.com/6167/6169948909_9816d059e9_c.jpg
2666350653,https://live.staticflickr.com/3088/2666350653_a25eb5d781_c.jpg
3066974281,https://live.staticflickr.com/3070/3066974281_b437257373_c.jpg
2451509376,https://live.staticflickr.com/3252/2451509376_f18cb1b41b_c.jpg
2326285007,https://live.staticflickr.com/2169/2326285007_9752622c22_c.jpg
3425527293,https://live.staticflickr.com/3311/3425527293_a00f54ca1d_c.jpg
3067999176,https://live.staticflickr.com/3208/3067999176_3481b85241_c.jpg
5606712665,https://live.staticflickr.com/5267/5606712665_69debbf21b_c.jpg
4587314197,https://live.staticflickr.com/4050/4587314197_fc6df471f3_c.jpg
5224054367,https://live.staticflickr.com/4112/5224054367_36e9b332d8_c.jpg
2545541893,https://live.staticflickr.com/3161/2545541893_332e17e718_c.jpg
5330292009,https://live.staticflickr.com/5170/5330292009_6943e07b02_c.jpg
3066957669,https://live.staticflickr.com/3052/3066957669_d1d2dc7a59_c.jpg
5445496439,https://live.staticflickr.com/4100/5445496439_50413d6837_c.jpg
5231937996,https://live.staticflickr.com/5130/5231937996_7d3b74a4fa_c.jpg
3360300327,https://live.staticflickr.com/3620/3360300327_c0eea08b0d_c.jpg
3430034722,https://live.staticflickr.com/3047/3430034722_ffeaa50fc9_c.jpg
3435159846,https://live.staticflickr.com/3577/3435159846_24735e5226_c.jpg
5075660567,https://live.staticflickr.com/4045/5075660567_e99efb2716_c.jpg
5223753817,https://live.staticflickr.com/5250/5223753817_b64e9da49c_c.jpg
2424964504,https://live.staticflickr.com/2097/2424964504_cefedeb5e4_c.jpg
3067665322,https://live.staticflickr.com/3176/3067665322_4064c99199_c.jpg
6892960647,https://live.staticflickr.com/7052/6892960647_429aa2c26b_c.jpg
5109614673,https://live.staticflickr.com/1076/5109614673_b166cca7d9_c.jpg
5818949421,https://live.staticflickr.com/5278/5818949421_d48764b7d2_c.jpg
1305680730,https://live.staticflickr.com/1152/1305680730_22a818df3b_c.jpg
5111796052,https://live.staticflickr.com/4133/5111796052_d95c1158ac_c.jpg
2826749283,https://live.staticflickr.com/3018/2826749283_eabc883a85_c.jpg
5222670847,https://live.staticflickr.com/5287/5222670847_36c7592052_c.jpg
4446303637,https://live.staticflickr.com/4048/4446303637_32ab9d57d3_c.jpg
5316158992,https://live.staticflickr.com/5241/5316158992_8983a76493_c.jpg
5873025344,https://live.staticflickr.com/3180/5873025344_f7f1dbaa79_c.jpg
2497246129,https://live.staticflickr.com/2007/2497246129_e637f69edd_c.jpg
4114538532,https://live.staticflickr.com/2699/4114538532_560157016d_c.jpg
4587315241,https://live.staticflickr.com/3314/4587315241_87164ac298_c.jpg
5198614115,https://live.staticflickr.com/4128/5198614115_d78dd86b71_c.jpg
3724261097,https://live.staticflickr.com/3489/3724261097_57426695f2_c.jpg
5226659173,https://live.staticflickr.com/5042/5226659173_3ee52c46ea_c.jpg
571528245,https://live.staticflickr.com/1031/571528245_b325cbc6cb_c.jpg
5065566764,https://live.staticflickr.com/4092/5065566764_93fae9e86d_c.jpg
5014278325,https://live.staticflickr.com/4150/5014278325_371584f6f9_c.jpg
3250612455,https://live.staticflickr.com/3110/3250612455_2b871e52a1_c.jpg
4956322785,https://live.staticflickr.com/4103/4956322785_14199b7a86_c.jpg
6826992317,https://live.staticflickr.com/7156/6826992317_4a45f79668_c.jpg
3415480466,https://live.staticflickr.com/3574/3415480466_8439b85989_c.jpg
5332596807,https://live.staticflickr.com/5001/5332596807_59eb945e7b_c.jpg
2113548132,https://live.staticflickr.com/2043/2113548132_2001fbd4e2_c.jpg
5984025504,https://live.staticflickr.com/6017/5984025504_1670a3840b_c.jpg
4878205811,https://live.staticflickr.com/4076/4878205811_420ff2b250_c.jpg
2399695157,https://live.staticflickr.com/2176/2399695157_b4cc9a447b_c.jpg
2230639596,https://live.staticflickr.com/2373/2230639596_8477e10b79_c.jpg
1355921049,https://live.staticflickr.com/1362/1355921049_4096252f01_c.jpg
3682004651,https://live.staticflickr.com/2506/3682004651_5446092212_c.jpg
5072624114,https://live.staticflickr.com/4110/5072624114_574656a0e1_c.jpg
2851203067,https://live.staticflickr.com/3184/2851203067_070a1f0bbd_c.jpg
5217452748,https://live.staticflickr.com/4089/5217452748_80b39aff65_c.jpg
5137437414,https://live.staticflickr.com/1165/5137437414_db06122655_c.jpg
4211081891,https://live.staticflickr.com/2592/4211081891_a8170df38c_c.jpg
2961084026,https://live.staticflickr.com/3024/2961084026_d423bd67d0_c.jpg
3130498554,https://live.staticflickr.com/3257/3130498554_9460efd8ed_c.jpg
5333306564,https://live.staticflickr.com/5244/5333306564_450ef13147_c.jpg
4259208694,https://live.staticflickr.com/4003/4259208694_ed2fd0017e_c.jpg
2218410498,https://live.staticflickr.com/2402/2218410498_31f3074fa9_c.jpg
6094536330,https://live.staticflickr.com/6087/6094536330_e296893f73_c.jpg
3067813476,https://live.staticflickr.com/3147/3067813476_bb117580ab_c.jpg
4878204813,https://live.staticflickr.com/4114/4878204813_2d1c6ca1eb_c.jpg
2628000261,https://live.staticflickr.com/3043/2628000261_b5e4cb4ae0_c.jpg
5195038782,https://live.staticflickr.com/4088/5195038782_9562f32c9a_c.jpg
4328443470,https://live.staticflickr.com/4022/4328443470_7daeb61185_c.jpg
3597765723,https://live.staticflickr.com/3384/3597765723_4b32958a9d_c.jpg
6643205965,https://live.staticflickr.com/7147/6643205965_5fba0a3fbd_c.jpg
6642291851,https://live.staticflickr.com/7016/6642291851_4083131041_c.jpg
6072484200,https://live.staticflickr.com/6203/6072484200_55a04d72ef_c.jpg
5232367216,https://live.staticflickr.com/5250/5232367216_b8c7177e74_c.jpg
5217968617,https://live.staticflickr.com/4125/5217968617_5733665350_c.jpg
6237364528,https://live.staticflickr.com/6180/6237364528_0246c06511_c.jpg
6263343640,https://live.staticflickr.com/6154/6263343640_e15154f93b_c.jpg
2670657270,https://live.staticflickr.com/3029/2670657270_1ec090885d_c.jpg
4957209423,https://live.staticflickr.com/4105/4957209423_265e16332f_c.jpg
5324029067,https://live.staticflickr.com/5208/5324029067_04ea040abd_c.jpg
3067797134,https://live.staticflickr.com/3161/3067797134_717eb62117_c.jpg
5195040022,https://live.staticflickr.com/5242/5195040022_0b485b8336_c.jpg
4592286120,https://live.staticflickr.com/4035/4592286120_4254508fe9_c.jpg
2238205597,https://live.staticflickr.com/2087/2238205597_af6aa26345_c.jpg
6721188143,https://live.staticflickr.com/65535/6721188143_20dbcf8e1f_c.jpg
5172821204,https://live.staticflickr.com/4090/5172821204_03d71923e2_c.jpg
6668550973,https://live.staticflickr.com/65535/6668550973_18bb430c6a_c.jpg
4878813566,https://live.staticflickr.com/4098/4878813566_df18d60a93_c.jpg
5207763670,https://live.staticflickr.com/5081/5207763670_883569273f_c.jpg
5370124739,https://live.staticflickr.com/5049/5370124739_cb28f53fc5_c.jpg
3913091825,https://live.staticflickr.com/2426/3913091825_491fc74021_c.jpg
3253370095,https://live.staticflickr.com/3015/3253370095_25f1e5c338_c.jpg
2675838127,https://live.staticflickr.com/3268/2675838127_b3fd4ca971_c.jpg
2841626161,https://live.staticflickr.com/3006/2841626161_8240924572_c.jpg
3143122705,https://live.staticflickr.com/3224/3143122705_e078f86117_c.jpg
5707445974,https://live.staticflickr.com/2773/5707445974_55e53c4013_c.jpg
2293149767,https://live.staticflickr.com/3137/2293149767_ddfe0089d0_c.jpg
5218502350,https://live.staticflickr.com/5288/5218502350_68af7d92f9_c.jpg
6877160121,https://live.staticflickr.com/7208/6877160121_df38686bfa_c.jpg
3067664558,https://live.staticflickr.com/3012/3067664558_0c802fbc48_c.jpg
5324615536,https://live.staticflickr.com/5168/5324615536_5a232f463c_c.jpg
2788264699,https://live.staticflickr.com/3002/2788264699_1852055130_c.jpg
5330819454,https://live.staticflickr.com/5045/5330819454_c556effef6_c.jpg
2179433291,https://live.staticflickr.com/2400/2179433291_c5108de339_c.jpg
5368605854,https://live.staticflickr.com/5122/5368605854_33a5ed2560_c.jpg
6280550661,https://live.staticflickr.com/6056/6280550661_09a4a9838a_c.jpg
571528189,https://live.staticflickr.com/1129/571528189_1d867bce41_c.jpg
4136811558,https://live.staticflickr.com/2743/4136811558_0e2905f809_c.jpg
5221974154,https://live.staticflickr.com/5249/5221974154_98ac3a2386_c.jpg
4957222901,https://live.staticflickr.com/4148/4957222901_5ef204114b_c.jpg
2676656894,https://live.staticflickr.com/3258/2676656894_76db798ecc_c.jpg
4330129451,https://live.staticflickr.com/2687/4330129451_2b3f91b4a3_c.jpg
5367930806,https://live.staticflickr.com/5123/5367930806_04cbee6320_c.jpg
4264789377,https://live.staticflickr.com/4016/4264789377_9585be1620_c.jpg
2722842405,https://live.staticflickr.com/3149/2722842405_eb8a70814a_c.jpg
4113769035,https://live.staticflickr.com/2543/4113769035_977d7bb4cf_c.jpg
6370512259,https://live.staticflickr.com/6058/6370512259_b80c779928_c.jpg
5457825845,https://live.staticflickr.com/5054/5457825845_8296e9c931_c.jpg
2844512271,https://live.staticflickr.com/3163/2844512271_d2eef1b85b_c.jpg
5539973860,https://live.staticflickr.com/5220/5539973860_cd0f3fc963_c.jpg
2238198825,https://live.staticflickr.com/2318/2238198825_354b9e63f7_c.jpg
3766762988,https://live.staticflickr.com/3441/3766762988_f0d86d8598_c.jpg
456739343,https://live.staticflickr.com/205/456739343_2f408c5923_c.jpg
5949746982,https://live.staticflickr.com/6127/5949746982_50d8d647af_c.jpg
1304765583,https://live.staticflickr.com/1012/1304765583_49ff56820d_c.jpg
1398813946,https://live.staticflickr.com/1274/1398813946_859b61010e_c.jpg
5442690432,https://live.staticflickr.com/5172/5442690432_cf32ec7507_c.jpg
5446107460,https://live.staticflickr.com/5253/5446107460_86508d7acd_c.jpg
2917196535,https://live.staticflickr.com/3148/2917196535_7612462f66_c.jpg
5117450456,https://live.staticflickr.com/1403/5117450456_1e73382ec3_c.jpg
50801156661,https://live.staticflickr.com/65535/50801156661_eb61eef92f_c.jpg
2669833931,https://live.staticflickr.com/3282/2669833931_0a6db38ccf_c.jpg
2673725566,https://live.staticflickr.com/3193/2673725566_36bd398dfa_c.jpg
6482295953,https://live.staticflickr.com/7028/6482295953_2c807f92ac_c.jpg
4987042879,https://live.staticflickr.com/4150/4987042879_dca28fe190_c.jpg
5430188817,https://live.staticflickr.com/5218/5430188817_31860c3d9a_c.jpg
3066827197,https://live.staticflickr.com/3054/3066827197_1b186b07b4_c.jpg
2397345793,https://live.staticflickr.com/3173/2397345793_39b24ab172_c.jpg
5324627724,https://live.staticflickr.com/5208/5324627724_4f7ccabbb9_c.jpg
6001269358,https://live.staticflickr.com/6123/6001269358_4d2db1ea84_c.jpg
5255510194,https://live.staticflickr.com/5004/5255510194_ccd5ba66b9_c.jpg
5108863410,https://live.staticflickr.com/1388/5108863410_f00b236545_c.jpg
3217991917,https://live.staticflickr.com/3527/3217991917_2ac3d7e870_c.jpg
2492328383,https://live.staticflickr.com/2320/2492328383_2a3e131173_c.jpg
2838807391,https://live.staticflickr.com/3071/2838807391_6583038958_c.jpg
5176877117,https://live.staticflickr.com/1303/5176877117_05c3832dbe_c.jpg
5215180744,https://live.staticflickr.com/5244/5215180744_3531c920b6_c.jpg
3318967325,https://live.staticflickr.com/3437/3318967325_33baae7210_c.jpg
6877160739,https://live.staticflickr.com/7191/6877160739_e0ec87c4c4_c.jpg
5207523000,https://live.staticflickr.com/5249/5207523000_684086c9b2_c.jpg
3020005250,https://live.staticflickr.com/3025/3020005250_a718204ac6_c.jpg
6812881241,https://live.staticflickr.com/7167/6812881241_696f5e1f76_c.jpg
5679236255,https://live.staticflickr.com/5229/5679236255_2327334fe1_c.jpg
5533773049,https://live.staticflickr.com/5213/5533773049_6b83c3ca73_c.jpg
3130498870,https://live.staticflickr.com/3261/3130498870_4a19e584e0_c.jpg
4497929225,https://live.staticflickr.com/4028/4497929225_2ece5de2f0_c.jpg
3067999300,https://live.staticflickr.com/3235/3067999300_1be4369ed5_c.jpg
5935845659,https://live.staticflickr.com/6002/5935845659_3c7f0688cb_c.jpg
5600514566,https://live.staticflickr.com/5022/5600514566_01bc757bed_c.jpg
5428507368,https://live.staticflickr.com/5058/5428507368_0e891f824e_c.jpg
5710627594,https://live.staticflickr.com/3413/5710627594_a81c62a912_c.jpg
5114847031,https://live.staticflickr.com/1250/5114847031_bb25e8fa9b_c.jpg
5207521974,https://live.staticflickr.com/5089/5207521974_1ec693036c_c.jpg
2800281493,https://live.staticflickr.com/3044/2800281493_7c3d53085a_c.jpg
2285959081,https://live.staticflickr.com/2278/2285959081_d58dd9d4db_c.jpg
4113768951,https://live.staticflickr.com/2579/4113768951_70bcb468bd_c.jpg
6470408855,https://live.staticflickr.com/7007/6470408855_e16dea6226_c.jpg
5221981222,https://live.staticflickr.com/4092/5221981222_c858151077_c.jpg
5324057523,https://live.staticflickr.com/5165/5324057523_5bcc1b0eb3_c.jpg
5481253213,https://live.staticflickr.com/5012/5481253213_60e00e29bc_c.jpg
5211982564,https://live.staticflickr.com/4110/5211982564_0b865496bf_c.jpg
4127193925,https://live.staticflickr.com/2666/4127193925_16805e507e_c.jpg
4957797988,https://live.staticflickr.com/4143/4957797988_36d166d4a3_c.jpg
5014868580,https://live.staticflickr.com/4127/5014868580_a34b971677_c.jpg
5370736172,https://live.staticflickr.com/5243/5370736172_f06fc8caf3_c.jpg
4548686484,https://live.staticflickr.com/4010/4548686484_aca1680ccb_c.jpg
534985299,https://live.staticflickr.com/1002/534985299_cc264cd0c1_c.jpg
2826748663,https://live.staticflickr.com/3011/2826748663_bbc5fbb6a3_c.jpg
2780776386,https://live.staticflickr.com/3047/2780776386_0cb3c7513e_c.jpg
3463045953,https://live.staticflickr.com/3504/3463045953_9dfc6902ed_c.jpg
5140559831,https://live.staticflickr.com/1343/5140559831_02e1dbbb41_c.jpg
5458440798,https://live.staticflickr.com/5139/5458440798_03452b65f3_c.jpg
5489551867,https://live.staticflickr.com/5219/5489551867_90e67584bb_c.jpg
4330863322,https://live.staticflickr.com/2784/4330863322_3ae95ded67_c.jpg
2307840420,https://live.staticflickr.com/2179/2307840420_d213802911_c.jpg
3967137218,https://live.staticflickr.com/2452/3967137218_37f0101caf_c.jpg
6613311675,https://live.staticflickr.com/7154/6613311675_3db76fc80a_c.jpg
6877161519,https://live.staticflickr.com/7192/6877161519_237018f04d_c.jpg
5217939209,https://live.staticflickr.com/4128/5217939209_207777fcc8_c.jpg
3788520432,https://live.staticflickr.com/2561/3788520432_cef0e090cc_c.jpg
4489422412,https://live.staticflickr.com/4035/4489422412_f485567aac_c.jpg
2795686456,https://live.staticflickr.com/3074/2795686456_bf71888131_c.jpg
5140571091,https://live.staticflickr.com/4065/5140571091_5319ca46a2_c.jpg
5141167300,https://live.staticflickr.com/1181/5141167300_0248cfb0f1_c.jpg
5529589484,https://live.staticflickr.com/5097/5529589484_119bc14b0a_c.jpg
1321066596,https://live.staticflickr.com/1223/1321066596_5ebe2f14cd_c.jpg
4950747425,https://live.staticflickr.com/4080/4950747425_e86742476b_c.jpg
2801114270,https://live.staticflickr.com/3099/2801114270_e32262ce3c_c.jpg
5214225101,https://live.staticflickr.com/4086/5214225101_2af08efb01_c.jpg
3066957935,https://live.staticflickr.com/3157/3066957935_afaf8b703e_c.jpg
3004939050,https://live.staticflickr.com/3005/3004939050_5c196fc23d_c.jpg
3066826261,https://live.staticflickr.com/3024/3066826261_de7c0a628c_c.jpg
6203928136,https://live.staticflickr.com/6174/6203928136_6b91733a6a_c.jpg
5231780557,https://live.staticflickr.com/5043/5231780557_a9aeaeb64d_c.jpg
6173264524,https://live.staticflickr.com/6170/6173264524_275378b921_c.jpg
2998014527,https://live.staticflickr.com/3059/2998014527_103e07567d_c.jpg
6021237618,https://live.staticflickr.com/6017/6021237618_627603d0ee_c.jpg
3047781926,https://live.staticflickr.com/3247/3047781926_c79b877b4f_c.jpg
2679391942,https://live.staticflickr.com/3069/2679391942_57a76fe300_c.jpg
1297159111,https://live.staticflickr.com/1014/1297159111_cd9508b6f7_c.jpg
4956898760,https://live.staticflickr.com/4129/4956898760_3ba1032883_c.jpg
5172991550,https://live.staticflickr.com/4145/5172991550_9900ae26ec_c.jpg
4065096170,https://live.staticflickr.com/2677/4065096170_c38b179204_c.jpg
2617030769,https://live.staticflickr.com/3073/2617030769_0bae42a3f5_c.jpg
2798309605,https://live.staticflickr.com/3141/2798309605_fd0623935c_c.jpg
4878795612,https://live.staticflickr.com/4082/4878795612_7fa9ec9ecb_c.jpg
6037364419,https://live.staticflickr.com/6084/6037364419_228a2a70a8_c.jpg
2473086124,https://live.staticflickr.com/3049/2473086124_c2e84528c9_c.jpg
5184643075,https://live.staticflickr.com/4089/5184643075_d0177b88ce_c.jpg
5187345451,https://live.staticflickr.com/4152/5187345451_0b699116e9_c.jpg
4131207285,https://live.staticflickr.com/2740/4131207285_ddbeaac41b_c.jpg
4956913042,https://live.staticflickr.com/4124/4956913042_2d2ef21866_c.jpg
5211534855,https://live.staticflickr.com/4154/5211534855_3fa6e8005e_c.jpg
5211538417,https://live.staticflickr.com/4131/5211538417_7b11f36095_c.jpg
6075356623,https://live.staticflickr.com/6200/6075356623_5710590974_c.jpg
5217926255,https://live.staticflickr.com/5287/5217926255_aea402f3af_c.jpg
5172314051,https://live.staticflickr.com/4152/5172314051_1518582041_c.jpg
6054956095,https://live.staticflickr.com/6088/6054956095_08169f0c58_c.jpg
3067161089,https://live.staticflickr.com/3270/3067161089_34a6cea1b1_c.jpg
5534352032,https://live.staticflickr.com/5292/5534352032_15f633cd94_c.jpg
963931930,https://live.staticflickr.com/1294/963931930_3c05620749_c.jpg
5324655964,https://live.staticflickr.com/5169/5324655964_fc8d836515_c.jpg
5162351222,https://live.staticflickr.com/4035/5162351222_ae7760bbc3_c.jpg
6877143713,https://live.staticflickr.com/7066/6877143713_dd52d9c28d_c.jpg
3066825331,https://live.staticflickr.com/3144/3066825331_28c3587473_c.jpg
4121278615,https://live.staticflickr.com/2704/4121278615_c950d627a4_c.jpg
5489552895,https://live.staticflickr.com/5297/5489552895_1abcd3b6dc_c.jpg
6180561561,https://live.staticflickr.com/6157/6180561561_7ef96cbb52_c.jpg
6079182018,https://live.staticflickr.com/6061/6079182018_2934516372_c.jpg
4143915092,https://live.staticflickr.com/2569/4143915092_de90c4fd6e_c.jpg
2673725686,https://live.staticflickr.com/3084/2673725686_17b88dea0d_c.jpg
3066974041,https://live.staticflickr.com/3197/3066974041_79239d281e_c.jpg
2487110138,https://live.staticflickr.com/2113/2487110138_939ae70f60_c.jpg
3067999272,https://live.staticflickr.com/3021/3067999272_8729f6f3ed_c.jpg
4957800312,https://live.staticflickr.com/4109/4957800312_678b732723_c.jpg
5211385567,https://live.staticflickr.com/4086/5211385567_fb305238b7_c.jpg
5014872954,https://live.staticflickr.com/4113/5014872954_146c82914a_c.jpg
5221706650,https://live.staticflickr.com/4122/5221706650_0fe0f5c086_c.jpg
2625313131,https://live.staticflickr.com/3004/2625313131_64b041ab32_c.jpg
2673725532,https://live.staticflickr.com/3284/2673725532_346040bf37_c.jpg
5430795144,https://live.staticflickr.com/5299/5430795144_882ec32c88_c.jpg
3073944686,https://live.staticflickr.com/3254/3073944686_cf038c13fa_c.jpg
5324002539,https://live.staticflickr.com/5209/5324002539_2264cc8493_c.jpg
5232371738,https://live.staticflickr.com/5168/5232371738_f9d3cf031d_c.jpg
5067237971,https://live.staticflickr.com/4084/5067237971_8406d43ba0_c.jpg
443965566,https://live.staticflickr.com/178/443965566_f2a67356a8_c.jpg
3467947055,https://live.staticflickr.com/3507/3467947055_57bddaa955_c.jpg
2852656213,https://live.staticflickr.com/3144/2852656213_76d55e71d9_c.jpg
2676656856,https://live.staticflickr.com/3040/2676656856_a33d1f7040_c.jpg
2273126643,https://live.staticflickr.com/2316/2273126643_19fb57cff8_c.jpg
5710061779,https://live.staticflickr.com/2511/5710061779_f7fe0961b7_c.jpg
5763672503,https://live.staticflickr.com/5266/5763672503_f2cbcb97a4_c.jpg
6642318251,https://live.staticflickr.com/7009/6642318251_efa71b8a56_c.jpg
6172737717,https://live.staticflickr.com/6167/6172737717_c93ac44cc2_c.jpg
5458439174,https://live.staticflickr.com/5098/5458439174_545febb5be_c.jpg
5161641669,https://live.staticflickr.com/4145/5161641669_1668fdb2f9_c.jpg
5415240265,https://live.staticflickr.com/5219/5415240265_f102d29f6e_c.jpg
4122037852,https://live.staticflickr.com/2739/4122037852_d9ae7b908b_c.jpg
5367928200,https://live.staticflickr.com/5170/5367928200_c061c4a559_c.jpg
2670657064,https://live.staticflickr.com/3106/2670657064_f656934060_c.jpg
5285181366,https://live.staticflickr.com/5163/5285181366_a76e76976a_c.jpg
2295074157,https://live.staticflickr.com/3286/2295074157_fbe4132961_c.jpg
6388324885,https://live.staticflickr.com/7149/6388324885_7f7b5e544d_c.jpg
5209662543,https://live.staticflickr.com/4106/5209662543_1f42a49cb0_c.jpg
5364678860,https://live.staticflickr.com/5003/5364678860_6cf7ac35e7_c.jpg
6668551271,https://live.staticflickr.com/65535/6668551271_a879eacf8f_c.jpg
2839640798,https://live.staticflickr.com/3118/2839640798_c1fb34ac1a_c.jpg
5532776023,https://live.staticflickr.com/5176/5532776023_84b26e3810_c.jpg
6245639141,https://live.staticflickr.com/6223/6245639141_63efc37404_c.jpg
5279267339,https://live.staticflickr.com/5130/5279267339_852d7142e0_c.jpg
369796087,https://live.staticflickr.com/186/369796087_20abad820c_c.jpg
1321059830,https://live.staticflickr.com/1153/1321059830_83f1a66c43_c.jpg
1842127997,https://live.staticflickr.com/2163/1842127997_754a50af45_c.jpg
1921327960,https://live.staticflickr.com/2258/1921327960_0370cd48ca_c.jpg
2188377791,https://live.staticflickr.com/2025/2188377791_fe9396d2c9_c.jpg
2197153792,https://live.staticflickr.com/2396/2197153792_455d1198ed_c.jpg
2199687921,https://live.staticflickr.com/2037/2199687921_314234b350_c.jpg
2200616908,https://live.staticflickr.com/2272/2200616908_bc5b987297_c.jpg
2231704383,https://live.staticflickr.com/2367/2231704383_543be65e9f_c.jpg
2238994572,https://live.staticflickr.com/2323/2238994572_7fa1f616e8_c.jpg
2238992912,https://live.staticflickr.com/2054/2238992912_e087aaff33_c.jpg
2350607910,https://live.staticflickr.com/2220/2350607910_d8c89a8b6b_c.jpg
2383862568,https://live.staticflickr.com/2121/2383862568_62dc1cce9d_c.jpg
2397367047,https://live.staticflickr.com/2225/2397367047_df5616a7d8_c.jpg
2398199192,https://live.staticflickr.com/2199/2398199192_8b55826594_c.jpg
2397366949,https://live.staticflickr.com/3079/2397366949_01c1e04a20_c.jpg
2514079189,https://live.staticflickr.com/3211/2514079189_fbe4129054_c.jpg
2548858606,https://live.staticflickr.com/3060/2548858606_ff318b0787_c.jpg
2589524174,https://live.staticflickr.com/3039/2589524174_1099a71dfe_c.jpg
2596492601,https://live.staticflickr.com/3052/2596492601_93068a7f17_c.jpg
2609951566,https://live.staticflickr.com/3006/2609951566_2d286b61c8_c.jpg
2652480967,https://live.staticflickr.com/3107/2652480967_8a527cf006_c.jpg
2793761121,https://live.staticflickr.com/3081/2793761121_74dcc5bfa0_c.jpg
3021798926,https://live.staticflickr.com/3221/3021798926_80c4eba7c3_c.jpg
3023681555,https://live.staticflickr.com/3024/3023681555_e13ed3f6d2_c.jpg
3037747086,https://live.staticflickr.com/3149/3037747086_9c15430f8d_c.jpg
3238531525,https://live.staticflickr.com/3256/3238531525_471cbbd4de_c.jpg
3335001647,https://live.staticflickr.com/3640/3335001647_780503ebe8_c.jpg
3493542640,https://live.staticflickr.com/3554/3493542640_f796f4ded1_c.jpg
3649120995,https://live.staticflickr.com/3389/3649120995_fe43610200_c.jpg
3744604682,https://live.staticflickr.com/2443/3744604682_bfb126e594_c.jpg
3743809021,https://live.staticflickr.com/2646/3743809021_1383b6a3ec_c.jpg
3743808671,https://live.staticflickr.com/2465/3743808671_7b4b09b892_c.jpg
6623009153,https://live.staticflickr.com/7032/6623009153_0750b7984b_c.jpg
4065092804,https://live.staticflickr.com/3501/4065092804_f30edcc9f3_c.jpg
4316333935,https://live.staticflickr.com/4052/4316333935_72266b76e3_c.jpg
4587317605,https://live.staticflickr.com/4025/4587317605_8a3d071911_c.jpg
4587939108,https://live.staticflickr.com/4008/4587939108_88124826ea_c.jpg
4587315489,https://live.staticflickr.com/4017/4587315489_c32d7448ee_c.jpg
4956323365,https://live.staticflickr.com/4081/4956323365_a92e956829_c.jpg
5159202446,https://live.staticflickr.com/4008/5159202446_45c200f551_c.jpg
5158576153,https://live.staticflickr.com/1047/5158576153_1686cee244_c.jpg
5159494976,https://live.staticflickr.com/1361/5159494976_a888d5e1f3_c.jpg
5159492890,https://live.staticflickr.com/4070/5159492890_074b8a65c8_c.jpg
5159490256,https://live.staticflickr.com/4058/5159490256_3589e1d298_c.jpg
5165292706,https://live.staticflickr.com/1317/5165292706_b75f1d38da_c.jpg
5165290526,https://live.staticflickr.com/4021/5165290526_4a8f22fdcf_c.jpg
5165289162,https://live.staticflickr.com/1397/5165289162_709d958cab_c.jpg
5165287180,https://live.staticflickr.com/4024/5165287180_0be7bf5854_c.jpg
5166527201,https://live.staticflickr.com/4107/5166527201_a7c56e2aa4_c.jpg
5167124016,https://live.staticflickr.com/1389/5167124016_cc63f3c771_c.jpg
5166523537,https://live.staticflickr.com/1344/5166523537_9a916a8c27_c.jpg
5177477432,https://live.staticflickr.com/1004/5177477432_169d85146c_c.jpg
5177476846,https://live.staticflickr.com/1412/5177476846_338c9d4a32_c.jpg
5176872251,https://live.staticflickr.com/1035/5176872251_8fcd046116_c.jpg
5176871565,https://live.staticflickr.com/1238/5176871565_b9391c9316_c.jpg
5176870955,https://live.staticflickr.com/4129/5176870955_d85ebdf382_c.jpg
5327432393,https://live.staticflickr.com/5048/5327432393_7c47ca23a4_c.jpg
5328041038,https://live.staticflickr.com/5207/5328041038_34b430df4f_c.jpg
5441875607,https://live.staticflickr.com/5251/5441875607_a9e0be479e_c.jpg
5447040593,https://live.staticflickr.com/5131/5447040593_a814b800a0_c.jpg
6037358039,https://live.staticflickr.com/6085/6037358039_fd3bf009b9_c.jpg
6365227385,https://live.staticflickr.com/6113/6365227385_c4351f931a_c.jpg
6365217675,https://live.staticflickr.com/6044/6365217675_656146b996_c.jpg
6384164825,https://live.staticflickr.com/6217/6384164825_5700276b09_c.jpg
6446245951,https://live.staticflickr.com/7021/6446245951_d760819d6a_c.jpg
6446233265,https://live.staticflickr.com/7169/6446233265_4671cf4e58_c.jpg
6730579455,https://live.staticflickr.com/7150/6730579455_bcecc662fb_c.jpg
6642309875,https://live.staticflickr.com/7150/6642309875_b35b353b8f_c.jpg
6668549473,https://live.staticflickr.com/65535/6668549473_0261e14015_c.jpg
6709895347,https://live.staticflickr.com/7153/6709895347_ebcff19b00_c.jpg
6730586459,https://live.staticflickr.com/7146/6730586459_bba973ca97_c.jpg
6737101377,https://live.staticflickr.com/7149/6737101377_4e8d54b6d4_c.jpg
6737109377,https://live.staticflickr.com/7035/6737109377_c2765fccef_c.jpg
6751165507,https://live.staticflickr.com/7152/6751165507_a79fd2a6dc_c.jpg
6811893751,https://live.staticflickr.com/7018/6811893751_8e1302f831_c.jpg
6812877195,https://live.staticflickr.com/7024/6812877195_73d404b275_c.jpg
6826993047,https://live.staticflickr.com/7153/6826993047_311290491e_c.jpg
6877149219,https://live.staticflickr.com/7057/6877149219_c544a0e755_c.jpg
6877145063,https://live.staticflickr.com/7198/6877145063_ee91337e89_c.jpg
6932224235,https://live.staticflickr.com/7190/6932224235_3064646b07_c.jpg
6948428129,https://live.staticflickr.com/7055/6948428129_ed92c7710d_c.jpg
6802314074,https://live.staticflickr.com/7205/6802314074_ff19ffab73_c.jpg
6803473558,https://live.staticflickr.com/7070/6803473558_b8c64ef777_c.jpg
6948426981,https://live.staticflickr.com/7038/6948426981_4d57b7ae6a_c.jpg
6820397122,https://live.staticflickr.com/7061/6820397122_6ddc1fb669_c.jpg
6822688484,https://live.staticflickr.com/7055/6822688484_6ef9e709dc_c.jpg
6822677346,https://live.staticflickr.com/7184/6822677346_c2b0829835_c.jpg
6977444449,https://live.staticflickr.com/7201/6977444449_528d15e323_c.jpg
6993347791,https://live.staticflickr.com/7052/6993347791_ba6f7fdeba_c.jpg
7041939729,https://live.staticflickr.com/7203/7041939729_147da5996c_c.jpg
7061935815,https://live.staticflickr.com/5350/7061935815_8f6a0c1f89_c.jpg
6929729846,https://live.staticflickr.com/5312/6929729846_15352347c8_c.jpg
6929729700,https://live.staticflickr.com/7224/6929729700_ee417fe777_c.jpg
7214969706,https://live.staticflickr.com/7228/7214969706_9493e23690_c.jpg
7285736160,https://live.staticflickr.com/7074/7285736160_066a1bca59_c.jpg
7285727040,https://live.staticflickr.com/7214/7285727040_e4abef607d_c.jpg
7296210866,https://live.staticflickr.com/8020/7296210866_0d00cbeb08_c.jpg
7296225740,https://live.staticflickr.com/7089/7296225740_f91a0fa639_c.jpg
7303692658,https://live.staticflickr.com/8159/7303692658_77bdde41e7_c.jpg
7303357320,https://live.staticflickr.com/7103/7303357320_8ff82d3c3d_c.jpg
7306637862,https://live.staticflickr.com/7105/7306637862_a8a5698a5b_c.jpg
7306630986,https://live.staticflickr.com/8150/7306630986_9eccc4ae09_c.jpg
7306623654,https://live.staticflickr.com/7219/7306623654_bb2637ae61_c.jpg
7330526056,https://live.staticflickr.com/8025/7330526056_ecc9658e1b_c.jpg
7330525554,https://live.staticflickr.com/8003/7330525554_a54857c163_c.jpg
7330524500,https://live.staticflickr.com/8159/7330524500_ca5af40802_c.jpg
7344351712,https://live.staticflickr.com/7221/7344351712_5a1744287b_c.jpg
7167327293,https://live.staticflickr.com/7233/7167327293_5006f88b7a_c.jpg
7359052782,https://live.staticflickr.com/7096/7359052782_e65539fdae_c.jpg
7388645644,https://live.staticflickr.com/7235/7388645644_66349b4043_c.jpg
7456378684,https://live.staticflickr.com/8006/7456378684_0e680bf25e_c.jpg
7550243264,https://live.staticflickr.com/8434/7550243264_0e6784acf9_c.jpg
7546798240,https://live.staticflickr.com/7131/7546798240_8464e06a9e_c.jpg
7561582576,https://live.staticflickr.com/8427/7561582576_cc32d9c04f_c.jpg
7560017028,https://live.staticflickr.com/8150/7560017028_fe8fbe43db_c.jpg
7604350784,https://live.staticflickr.com/8022/7604350784_9163936d2c_c.jpg
7657834422,https://live.staticflickr.com/7131/7657834422_95f5a34055_c.jpg
7661575016,https://live.staticflickr.com/8021/7661575016_ecaa8c6d7b_c.jpg
7657813344,https://live.staticflickr.com/8292/7657813344_1823ec393d_c.jpg
7657805756,https://live.staticflickr.com/7114/7657805756_763baebc50_c.jpg
7657788466,https://live.staticflickr.com/8154/7657788466_20455a87e8_c.jpg
7657825028,https://live.staticflickr.com/7246/7657825028_869c00533f_c.jpg
7663539148,https://live.staticflickr.com/7123/7663539148_cd89c67545_c.jpg
7663511064,https://live.staticflickr.com/8162/7663511064_a9d9753b7a_c.jpg
7663802852,https://live.staticflickr.com/7128/7663802852_098a2f7383_c.jpg
7663552352,https://live.staticflickr.com/7127/7663552352_a61db9eb8a_c.jpg
7666628160,https://live.staticflickr.com/65535/7666628160_532865385a_c.jpg
7704191318,https://live.staticflickr.com/8018/7704191318_3ec87396dc_c.jpg
7703184506,https://live.staticflickr.com/8288/7703184506_f93fd45d38_c.jpg
7703342730,https://live.staticflickr.com/7259/7703342730_ae99b1faa0_c.jpg
7703335398,https://live.staticflickr.com/8021/7703335398_4b42803bc0_c.jpg
7912395242,https://live.staticflickr.com/8180/7912395242_ee331ca66c_c.jpg
8027881342,https://live.staticflickr.com/8029/8027881342_e1ea3e2c14_c.jpg
8063405143,https://live.staticflickr.com/8450/8063405143_c7e668e4de_c.jpg
8063710366,https://live.staticflickr.com/8449/8063710366_98407d463a_c.jpg
8063410534,https://live.staticflickr.com/8319/8063410534_e8cf7c7027_c.jpg
8079664702,https://live.staticflickr.com/8049/8079664702_fbe7bc24fa_c.jpg
8087242147,https://live.staticflickr.com/8329/8087242147_7190a8d908_c.jpg
8118308124,https://live.staticflickr.com/8045/8118308124_a52836cec0_c.jpg
8117687006,https://live.staticflickr.com/8053/8117687006_ea9e889480_c.jpg
8136135755,https://live.staticflickr.com/8464/8136135755_f889df646b_c.jpg
8134470135,https://live.staticflickr.com/8187/8134470135_e63d4fb525_c.jpg
8136181849,https://live.staticflickr.com/8045/8136181849_edfa500819_c.jpg
8147291312,https://live.staticflickr.com/8191/8147291312_43e7501d73_c.jpg
8172558892,https://live.staticflickr.com/8481/8172558892_c4c0c49efc_c.jpg
8175931694,https://live.staticflickr.com/8488/8175931694_6ceeb0d3e1_c.jpg
8213534248,https://live.staticflickr.com/8340/8213534248_9f161146a1_c.jpg
8232027232,https://live.staticflickr.com/8479/8232027232_c50ce78c72_c.jpg
8230964091,https://live.staticflickr.com/8338/8230964091_1402c1e6c6_c.jpg
8230963799,https://live.staticflickr.com/8337/8230963799_d699271ba8_c.jpg
8230958193,https://live.staticflickr.com/8485/8230958193_afa712855a_c.jpg
8245242244,https://live.staticflickr.com/8208/8245242244_c5cfe628a8_c.jpg
8244171117,https://live.staticflickr.com/8484/8244171117_fcbba943a0_c.jpg
8253782703,https://live.staticflickr.com/8066/8253782703_9d34aa765e_c.jpg
8267961130,https://live.staticflickr.com/8355/8267961130_c15c026806_c.jpg
8275362862,https://live.staticflickr.com/8198/8275362862_21ff40f928_c.jpg
8281803466,https://live.staticflickr.com/8350/8281803466_c8e3f1eb1a_c.jpg
8283692101,https://live.staticflickr.com/8218/8283692101_ef4c8a00be_c.jpg
8399145189,https://live.staticflickr.com/8098/8399145189_f9ffb1fe9c_c.jpg
8402519819,https://live.staticflickr.com/8369/8402519819_c66d862806_c.jpg
8414959116,https://live.staticflickr.com/8368/8414959116_f1f99a9080_c.jpg
8420362049,https://live.staticflickr.com/8327/8420362049_934c2b61f4_c.jpg
8436984736,https://live.staticflickr.com/8374/8436984736_40eacf2a67_c.jpg
8441932291,https://live.staticflickr.com/8464/8441932291_c2f9bac7eb_c.jpg
8446271689,https://live.staticflickr.com/8050/8446271689_18a598790c_c.jpg
8493445695,https://live.staticflickr.com/8238/8493445695_4dc6c1aac3_c.jpg
8504396330,https://live.staticflickr.com/8231/8504396330_77eab3f899_c.jpg
8517592155,https://live.staticflickr.com/8505/8517592155_ece863872a_c.jpg
8518616630,https://live.staticflickr.com/8090/8518616630_8f693f8111_c.jpg
8521762294,https://live.staticflickr.com/8099/8521762294_b8811ea64e_c.jpg
8521762146,https://live.staticflickr.com/8094/8521762146_771edd9625_c.jpg
8520650287,https://live.staticflickr.com/8518/8520650287_b490999640_c.jpg
8525760212,https://live.staticflickr.com/8379/8525760212_ca596e7cd4_c.jpg
8525759964,https://live.staticflickr.com/8366/8525759964_fa8ec019ef_c.jpg
8559303179,https://live.staticflickr.com/8099/8559303179_9d6ca02a93_c.jpg
8560187676,https://live.staticflickr.com/8109/8560187676_696b977d19_c.jpg
8559080841,https://live.staticflickr.com/8225/8559080841_d692520a54_c.jpg
8564338791,https://live.staticflickr.com/8230/8564338791_1262db3c64_c.jpg
8594647104,https://live.staticflickr.com/8507/8594647104_beb7874499_c.jpg
8598395978,https://live.staticflickr.com/8248/8598395978_684256db78_c.jpg
8599560495,https://live.staticflickr.com/8226/8599560495_5f376ee27e_c.jpg
8598723439,https://live.staticflickr.com/8107/8598723439_5103fc62e1_c.jpg
8610236107,https://live.staticflickr.com/8545/8610236107_f9dfa290b2_c.jpg
8610926866,https://live.staticflickr.com/8390/8610926866_cc3e613328_c.jpg
8630790526,https://live.staticflickr.com/8533/8630790526_db185ac3aa_c.jpg
8663051017,https://live.staticflickr.com/8265/8663051017_b9817b3578_c.jpg
8663779494,https://live.staticflickr.com/8255/8663779494_41cb026651_c.jpg
8679156944,https://live.staticflickr.com/8113/8679156944_3641efe683_c.jpg
8676474879,https://live.staticflickr.com/8123/8676474879_b1d5cd6c0b_c.jpg
8685434669,https://live.staticflickr.com/8404/8685434669_4ae8db38b6_c.jpg
8685433651,https://live.staticflickr.com/8123/8685433651_b8b5e11edb_c.jpg
8712949649,https://live.staticflickr.com/8539/8712949649_07e7d7ffe3_c.jpg
8725718569,https://live.staticflickr.com/7389/8725718569_813454e621_c.jpg
8724830732,https://live.staticflickr.com/7368/8724830732_f122e9def0_c.jpg
8741668286,https://live.staticflickr.com/7293/8741668286_2892c77220_c.jpg
8754851354,https://live.staticflickr.com/8414/8754851354_3e08b89d0e_c.jpg
8855928323,https://live.staticflickr.com/2852/8855928323_3654269d42_c.jpg
8910282828,https://live.staticflickr.com/8262/8910282828_ca6f26fc41_c.jpg
8910277498,https://live.staticflickr.com/2835/8910277498_93c005ae99_c.jpg
8969117830,https://live.staticflickr.com/2823/8969117830_db5f577145_c.jpg
8969117608,https://live.staticflickr.com/5444/8969117608_891778f812_c.jpg
8967929187,https://live.staticflickr.com/3751/8967929187_0516937273_c.jpg
8988022264,https://live.staticflickr.com/3688/8988022264_f1187a8a43_c.jpg
8988020146,https://live.staticflickr.com/3761/8988020146_ae814fab2b_c.jpg
8986929133,https://live.staticflickr.com/2868/8986929133_f207b377fc_c.jpg
9017652499,https://live.staticflickr.com/7417/9017652499_0798705b64_c.jpg
9025551391,https://live.staticflickr.com/3682/9025551391_73cfa6309a_c.jpg
9031014603,https://live.staticflickr.com/5337/9031014603_debc6cf82c_c.jpg
9031010781,https://live.staticflickr.com/3802/9031010781_fd2f312496_c.jpg
9051118296,https://live.staticflickr.com/7344/9051118296_cfe418c14c_c.jpg
9051111156,https://live.staticflickr.com/7282/9051111156_ace9ae2baa_c.jpg
9051105426,https://live.staticflickr.com/5521/9051105426_d27afa6835_c.jpg
9051099706,https://live.staticflickr.com/5465/9051099706_41b7a35c55_c.jpg
9064134601,https://live.staticflickr.com/7417/9064134601_bd1ab9d6fb_c.jpg
9114597595,https://live.staticflickr.com/2864/9114597595_1cb69c6469_c.jpg
9127482340,https://live.staticflickr.com/3786/9127482340_5a94ed9652_c.jpg
9140291100,https://live.staticflickr.com/3676/9140291100_531462ca76_c.jpg
9149950446,https://live.staticflickr.com/2876/9149950446_3f243f1e1a_c.jpg
9149949396,https://live.staticflickr.com/2832/9149949396_c72958c239_c.jpg
9399257211,https://live.staticflickr.com/3809/9399257211_e3aae1b6b4_c.jpg
9401995322,https://live.staticflickr.com/2894/9401995322_9b2acd0838_c.jpg
9399229889,https://live.staticflickr.com/7421/9399229889_0ee8a30f03_c.jpg
9692523047,https://live.staticflickr.com/7377/9692523047_101f894edc_c.jpg
9691809893,https://live.staticflickr.com/2844/9691809893_067b81e910_c.jpg
9917024055,https://live.staticflickr.com/5345/9917024055_13127ff7e6_c.jpg
10250697446,https://live.staticflickr.com/2845/10250697446_2996872208_c.jpg
10262645055,https://live.staticflickr.com/3832/10262645055_b94713e580_c.jpg
10262842225,https://live.staticflickr.com/5468/10262842225_511544e77a_c.jpg
10286224674,https://live.staticflickr.com/7453/10286224674_e71e655ef6_c.jpg
10359865524,https://live.staticflickr.com/3811/10359865524_d35dfd1b5f_c.jpg
10444532616,https://live.staticflickr.com/5487/10444532616_ee450998cf_c.jpg
10439570505,https://live.staticflickr.com/7373/10439570505_62be50d8a0_c.jpg
10476490645,https://live.staticflickr.com/7305/10476490645_815a0dff42_c.jpg
10476480835,https://live.staticflickr.com/3728/10476480835_7e714865dd_c.jpg
8136176586,https://live.staticflickr.com/8468/8136176586_c8070c3cd5_c.jpg
8198455453,https://live.staticflickr.com/8481/8198455453_3af4e6693a_c.jpg
8212494619,https://live.staticflickr.com/8064/8212494619_71251a131b_c.jpg
8230963513,https://live.staticflickr.com/8344/8230963513_1dc114234c_c.jpg
8338924001,https://live.staticflickr.com/8220/8338924001_f1dcb7e3b8_c.jpg
8366116744,https://live.staticflickr.com/8086/8366116744_10f31e744c_c.jpg
8376936679,https://live.staticflickr.com/8468/8376936679_53385a3e1a_c.jpg
8411118434,https://live.staticflickr.com/8073/8411118434_7d32861980_c.jpg
8658288079,https://live.staticflickr.com/8108/8658288079_7ecbf4c40d_c.jpg
8677773717,https://live.staticflickr.com/8266/8677773717_39edce84ce_c.jpg
8686554012,https://live.staticflickr.com/8538/8686554012_7b18d5e808_c.jpg
8695424206,https://live.staticflickr.com/8394/8695424206_c4b48ae99f_c.jpg
8726066929,https://live.staticflickr.com/7430/8726066929_ca019916e7_c.jpg
8915286325,https://live.staticflickr.com/5456/8915286325_1984399849_c.jpg
8915282251,https://live.staticflickr.com/3667/8915282251_5b486b1a2b_c.jpg
8915277493,https://live.staticflickr.com/8276/8915277493_7edf60d7f5_c.jpg
8976078621,https://live.staticflickr.com/8132/8976078621_3093dcfb35_c.jpg
8977264340,https://live.staticflickr.com/8129/8977264340_bb979aa079_c.jpg
9018833468,https://live.staticflickr.com/2884/9018833468_27cfd9ca57_c.jpg
9064125707,https://live.staticflickr.com/3783/9064125707_05e6fe5b1f_c.jpg
9066345722,https://live.staticflickr.com/7283/9066345722_4b9208bab0_c.jpg
9268213631,https://live.staticflickr.com/3709/9268213631_3bdc512064_c.jpg
9399230389,https://live.staticflickr.com/3717/9399230389_03091b0b5d_c.jpg
9399230123,https://live.staticflickr.com/2871/9399230123_7bb7952c57_c.jpg
9685148577,https://live.staticflickr.com/3721/9685148577_6845de2ba9_c.jpg
10107579703,https://live.staticflickr.com/3809/10107579703_90b7844c97_c.jpg
10262643155,https://live.staticflickr.com/7408/10262643155_f7067bbf63_c.jpg
11024210925,https://live.staticflickr.com/2813/11024210925_a237ee8b5a_c.jpg
11107822825,https://live.staticflickr.com/7444/11107822825_c11df6fec8_c.jpg
11208809436,https://live.staticflickr.com/7346/11208809436_6c040ca6c4_c.jpg
11252718785,https://live.staticflickr.com/7302/11252718785_4feebc86f6_c.jpg
11373230394,https://live.staticflickr.com/7431/11373230394_90670867c1_c.jpg
11645040023,https://live.staticflickr.com/2861/11645040023_5816922375_c.jpg
11780884393,https://live.staticflickr.com/3766/11780884393_fbddb83f19_c.jpg
11867703563,https://live.staticflickr.com/7358/11867703563_8cd79618cd_c.jpg
11867179135,https://live.staticflickr.com/5546/11867179135_fa2652b509_c.jpg
12072294873,https://live.staticflickr.com/2858/12072294873_1a880ab8c5_c.jpg
12251817435,https://live.staticflickr.com/2859/12251817435_f1b5fac6e3_c.jpg
12301415005,https://live.staticflickr.com/5545/12301415005_c796fba5d7_c.jpg
12543020545,https://live.staticflickr.com/7395/12543020545_2c14bd9c86_c.jpg
12536059043,https://live.staticflickr.com/5513/12536059043_f4e24ba6ef_c.jpg
12537071874,https://live.staticflickr.com/7407/12537071874_099a496e13_c.jpg
12597831533,https://live.staticflickr.com/3750/12597831533_6f1fe8e309_c.jpg
12740546495,https://live.staticflickr.com/5527/12740546495_7b099c074f_c.jpg
12764836663,https://live.staticflickr.com/2848/12764836663_688c9fb80a_c.jpg
12798236175,https://live.staticflickr.com/3686/12798236175_878072f6d6_c.jpg
12830715924,https://live.staticflickr.com/3714/12830715924_780e7769da_c.jpg
12973483793,https://live.staticflickr.com/2133/12973483793_a8447ae456_c.jpg
13011319005,https://live.staticflickr.com/3274/13011319005_5375d13284_c.jpg
13164146313,https://live.staticflickr.com/7185/13164146313_e7d190033b_c.jpg
13335942063,https://live.staticflickr.com/3700/13335942063_1fd8f64165_c.jpg
13336191534,https://live.staticflickr.com/7426/13336191534_9a052b1838_c.jpg
13368757344,https://live.staticflickr.com/3765/13368757344_29e1609544_c.jpg
13653989574,https://live.staticflickr.com/7332/13653989574_a04c51d42f_c.jpg
13920525063,https://live.staticflickr.com/5539/13920525063_6e987f31c9_c.jpg
14056517442,https://live.staticflickr.com/5230/14056517442_34e4a9eb07_c.jpg
14073428891,https://live.staticflickr.com/2901/14073428891_967365c944_c.jpg
14019853730,https://live.staticflickr.com/5120/14019853730_0808a26826_c.jpg
14343744783,https://live.staticflickr.com/2908/14343744783_8a4a78b524_c.jpg
14140728389,https://live.staticflickr.com/2919/14140728389_6544296f98_c.jpg
14334685295,https://live.staticflickr.com/2919/14334685295_5c73d67036_c.jpg
14428453464,https://live.staticflickr.com/3864/14428453464_0de6e21ceb_c.jpg
14508519543,https://live.staticflickr.com/3897/14508519543_f103fc00b7_c.jpg
