# id, url or message
2824840348,no valid tags
2823831289,no valid tags
2700164839,no valid tags
5873622296,no valid tags
5271193808,no valid tags
5268587988,no valid tags
2151134859,no valid tags
2151918514,no valid tags
4022996704,no valid tags
3339171990,no valid tags
5957997015,no valid tags
5958557032,no valid tags
3079714514,no valid tags
1314831591,no valid tags
632322410,no valid tags
630493321,no valid tags
630493259,no valid tags
5602423229,no valid tags
6506338655,no valid tags
5605090299,no valid tags
5605089175,no valid tags
5605088451,no valid tags
5605669048,no valid tags
6003229226,no valid tags
5605673182,no valid tags
5605090893,no valid tags
3300625553,no valid tags
5605102839,no valid tags
5605683710,no valid tags
5605101005,no valid tags
5605682018,no valid tags
5605681384,no valid tags
5605678160,no valid tags
5605677036,no valid tags
5605676522,no valid tags
5605094059,no valid tags
5605674468,no valid tags
3167759995,no valid tags
3167468919,no valid tags
2154396497,no valid tags
2155190616,no valid tags
2155188448,no valid tags
2155186260,no valid tags
2155183398,no valid tags
2155180592,no valid tags
2155177490,no valid tags
2099176146,no valid tags
2098394629,no valid tags
2098391159,no valid tags
2099169800,no valid tags
1387578278,no valid tags
1387605026,no valid tags
1387601822,no valid tags
1387598430,no valid tags
1386700569,no valid tags
1387591102,no valid tags
1386692407,no valid tags
1386688313,no valid tags
1343271628,no valid tags
1342383101,no valid tags
1343271040,no valid tags
1342382349,no valid tags
1342377037,no valid tags
2730414194,no valid tags
2548804687,no valid tags
5644247358,no valid tags
5678168028,no valid tags
5649858006,no valid tags
5646015953,no valid tags
5646011937,no valid tags
5643721415,no valid tags
5644248112,no valid tags
5643680069,no valid tags
5643679429,no valid tags
5045416260,no valid tags
3185262244,no valid tags
3185262224,no valid tags
3185262220,no valid tags
3185262212,no valid tags
6549642705,no valid tags
601117746,no valid tags
600713713,no valid tags
600647303,no valid tags
476801429,no valid tags
476761856,no valid tags
476783233,no valid tags
476782721,no valid tags
476766862,no valid tags
476778153,no valid tags
476763184,no valid tags
476762474,no valid tags
453086218,no valid tags
6652367343,no valid tags
6708905461,no valid tags
6679738951,no valid tags
6553885841,no valid tags
6550554127,no valid tags
6550389915,no valid tags
6550077141,no valid tags
6549860085,no valid tags
6549699295,no valid tags
6518065297,no valid tags
6517878679,no valid tags
6517746471,no valid tags
6517613681,no valid tags
6517404883,no valid tags
6517283707,no valid tags
6510596697,no valid tags
5189758531,no valid tags
4083317319,no valid tags
4084038712,no valid tags
4083270273,no valid tags
3908675559,no valid tags
3909446832,no valid tags
3447130949,no valid tags
3447127435,no valid tags
3387907136,no valid tags
3387903694,no valid tags
3387901132,no valid tags
3387898506,no valid tags
3387087353,no valid tags
3387084073,no valid tags
4457100421,no valid tags
4443486468,no valid tags
5655223186,no valid tags
5665765410,no valid tags
5665765398,no valid tags
6219981912,no valid tags
5919594233,no valid tags
3349650356,no valid tags
3349649338,no valid tags
3348818817,no valid tags
2756937715,no valid tags
2756897837,no valid tags
2648474575,no valid tags
2649305026,no valid tags
2649275158,no valid tags
2648443297,no valid tags
2648443053,no valid tags
2648444147,no valid tags
4693228490,no valid tags
3217430975,no valid tags
3202783349,no valid tags
2451999425,no valid tags
3202772721,no valid tags
2874775791,no valid tags
2875469026,no valid tags
2874639331,no valid tags
2874634427,no valid tags
2875459680,no valid tags
2874629729,no valid tags
2875454568,no valid tags
2874625045,no valid tags
2874622875,no valid tags
2874620661,no valid tags
2874618607,no valid tags
2874614241,no valid tags
2874612107,no valid tags
1800197100,no valid tags
2743054563,no valid tags
2742981815,no valid tags
2742980773,no valid tags
2742904459,no valid tags
2742903297,no valid tags
2447043220,no valid tags
2447038462,no valid tags
2446210087,no valid tags
2424579781,no valid tags
2424553531,no valid tags
2411059146,no valid tags
2410067165,no valid tags
2410885722,no valid tags
1799350813,no valid tags
1800186480,no valid tags
2223946904,no valid tags
4715232500,no valid tags
4292961183,no valid tags
6744536599,no valid tags
6744533489,no valid tags
6744529205,no valid tags
6744530455,no valid tags
6744528037,no valid tags
6820100605,no valid tags
6494906019,no valid tags
4414864408,no valid tags
4253707360,no valid tags
4627172153,no valid tags
6217801565,no valid tags
6243482791,no valid tags
3241944316,no valid tags
3241107779,no valid tags
3241103949,no valid tags
3241099881,no valid tags
3241928620,no valid tags
3241924666,no valid tags
3241087917,no valid tags
3241084165,no valid tags
3241080455,no valid tags
3241909810,no valid tags
3241906086,no valid tags
3241902198,no valid tags
3241065811,no valid tags
3241062087,no valid tags
3241058169,no valid tags
3241887642,no valid tags
3241050533,no valid tags
3241046615,no valid tags
3241876406,no valid tags
3241039285,no valid tags
3241870114,no valid tags
3241866532,no valid tags
3241029185,no valid tags
3241858842,no valid tags
3241855218,no valid tags
3241019025,no valid tags
3241848654,no valid tags
3241011945,no valid tags
3241008629,no valid tags
3241838636,no valid tags
3176448392,no valid tags
5602625073,no valid tags
5603208180,no valid tags
5522485390,no valid tags
5150921150,no valid tags
4313399009,no valid tags
4071203893,no valid tags
3359208483,no valid tags
3325231861,no valid tags
3309383221,no valid tags
3205648705,no valid tags
5877317549,no valid tags
845197415,no valid tags
845190861,no valid tags
612618186,no valid tags
512199858,no valid tags
492774197,no valid tags
492741763,no valid tags
492739827,no valid tags
5916653893,no valid tags
4816141853,no valid tags
3884180275,no valid tags
4929068564,no valid tags
5877308305,no valid tags
5005861976,no valid tags
6536395935,no valid tags
5877878394,no valid tags
5877315557,no valid tags
5877876398,no valid tags
5877313765,no valid tags
5877874676,no valid tags
5877873576,no valid tags
5877310855,no valid tags
5877310027,no valid tags
5877119127,no valid tags
5877679056,no valid tags
5877117057,no valid tags
5877116059,no valid tags
5877676102,no valid tags
5877675052,no valid tags
5877113293,no valid tags
5877672892,no valid tags
5877111131,no valid tags
5877110073,no valid tags
5845679421,no valid tags
5846232674,no valid tags
5845678945,no valid tags
5846232148,no valid tags
5845678385,no valid tags
5005257977,no valid tags
5005257581,no valid tags
5005869616,no valid tags
5005869232,no valid tags
5005868274,no valid tags
5005255173,no valid tags
5005867216,no valid tags
5005866278,no valid tags
5005865530,no valid tags
5005251849,no valid tags
5005863778,no valid tags
5005862884,no valid tags
5005248717,no valid tags
5005248241,no valid tags
5005247655,no valid tags
5005246971,no valid tags
5005246373,no valid tags
5005245825,no valid tags
5005858078,no valid tags
5005857482,no valid tags
5005244033,no valid tags
5005856186,no valid tags
5005242543,no valid tags
5005854518,no valid tags
5005854008,no valid tags
5005853366,no valid tags
5005239987,no valid tags
5005239253,no valid tags
5005851410,no valid tags
5005237941,no valid tags
5005237277,no valid tags
5005236513,no valid tags
5005848578,no valid tags
5005847750,no valid tags
5005234037,no valid tags
5005846040,no valid tags
5005232521,no valid tags
5005844716,no valid tags
5005230739,no valid tags
5005843168,no valid tags
5005229485,no valid tags
5005228235,no valid tags
5005227201,no valid tags
5005216499,no valid tags
5005828586,no valid tags
5005214991,no valid tags
5005214341,no valid tags
5005826554,no valid tags
5005825740,no valid tags
5005211967,no valid tags
5005823590,no valid tags
5005822968,no valid tags
5005209123,no valid tags
5005821134,no valid tags
5005820506,no valid tags
5005206761,no valid tags
5005205751,no valid tags
5005817668,no valid tags
5005203791,no valid tags
5005202337,no valid tags
5005814106,no valid tags
5005200277,no valid tags
5005199625,no valid tags
5005811220,no valid tags
5005197477,no valid tags
5005809162,no valid tags
5005195339,no valid tags
5005194503,no valid tags
5005806210,no valid tags
5005192595,no valid tags
5005191649,no valid tags
5005190433,no valid tags
5005802574,no valid tags
5005801782,no valid tags
5005800912,no valid tags
5005187165,no valid tags
5005183181,no valid tags
5005793912,no valid tags
5005792940,no valid tags
5005790940,no valid tags
5005789700,no valid tags
5005788758,no valid tags
5005787982,no valid tags
5005787012,no valid tags
5005780000,no valid tags
5005173109,no valid tags
5005171651,no valid tags
5005783450,no valid tags
5005169531,no valid tags
5005781258,no valid tags
5005166185,no valid tags
5005165495,no valid tags
5005777190,no valid tags
5005776650,no valid tags
5005776208,no valid tags
5005775694,no valid tags
5005159997,no valid tags
4727901302,no valid tags
4727254697,no valid tags
4696123503,no valid tags
4798813833,no valid tags
4798813067,no valid tags
4799444512,no valid tags
4798708951,no valid tags
4798707825,no valid tags
4773463289,no valid tags
4772357392,no valid tags
4772351304,no valid tags
4772345724,no valid tags
4727256753,no valid tags
4696755644,no valid tags
4696754518,no valid tags
6218559266,no valid tags
6218540824,no valid tags
5767362371,no valid tags
492560679,no valid tags
2160681208,no valid tags
2055758772,no valid tags
2009436869,no valid tags
1993921534,no valid tags
1993100469,no valid tags
1474399170,no valid tags
3852682143,no valid tags
3844704239,no valid tags
3761236567,no valid tags
2951906352,no valid tags
3893833448,no valid tags
3862596221,no valid tags
3748217475,no valid tags
3736635094,no valid tags
6851297686,no valid tags
6081672813,no valid tags
3440785127,no valid tags
3440780179,no valid tags
3437523077,no valid tags
2772529662,no valid tags
307673349,no valid tags
5401845468,no valid tags
5401828900,no valid tags
5300196076,no valid tags
1562798337,exception
2288654690,no valid tags
2279629147,no valid tags
2280402200,no valid tags
2277414291,no valid tags
2274843631,no valid tags
2274843625,no valid tags
2274843607,no valid tags
230123204,no valid tags
2944188078,no valid tags
2944187978,no valid tags
2943327631,no valid tags
169680141,no valid tags
169680140,no valid tags
169680139,no valid tags
169678999,no valid tags
1210429360,exception
1209566721,exception
1209563873,exception
1210419708,exception
1210415956,exception
1209552255,exception
1210409646,exception
1209546259,exception
1209544445,exception
1209539783,exception
1209537195,exception
1209535141,exception
1210389788,exception
1210385836,exception
1209523113,exception
1209518913,exception
1209517167,exception
1209513945,exception
1209512359,exception
1210369060,exception
1209506779,exception
1210363738,exception
1210361836,exception
1209498615,exception
1209494197,exception
1210349714,exception
1210345866,exception
1210343626,exception
1210341788,exception
1209477699,exception
1209473965,exception
1209472237,exception
1209469091,exception
1209465721,exception
1210321856,exception
1210318196,exception
1209457079,exception
1210314508,exception
1209452687,exception
1209451039,exception
1209447579,exception
1210305510,exception
1209442585,exception
1210298490,exception
1210295210,exception
1210293478,exception
1209431221,exception
1209429947,exception
1209428451,exception
1210285340,exception
1209424959,exception
1209423383,exception
1210280340,exception
1210276742,exception
1209414109,exception
1210271626,exception
1210269958,exception
1210266160,exception
1209406105,exception
1210261612,exception
1209399463,exception
1210256886,exception
1210254824,exception
1210253192,exception
1209390687,exception
1209389131,exception
1209387713,exception
1209386363,exception
1209384675,exception
1209380249,exception
1209376081,exception
1209372259,exception
5631764493,no valid tags
5630418387,no valid tags
5631001400,no valid tags
1479038928,no valid tags
3830930566,no valid tags
3829910839,no valid tags
3830704904,no valid tags
3829909943,no valid tags
3830704122,no valid tags
3830703730,no valid tags
6804213516,no valid tags
6888441697,no valid tags
6832058301,no valid tags
6518105229,no valid tags
6518098725,no valid tags
6478783269,no valid tags
6447043963,no valid tags
6429547107,no valid tags
6429522097,no valid tags
6406687145,no valid tags
5494923596,no valid tags
4484921023,no valid tags
4330630229,no valid tags
4688877416,no valid tags
4506025488,no valid tags
4458200604,no valid tags
4518455925,no valid tags
3160341769,no valid tags
4384991737,no valid tags
4355524085,no valid tags
4336794601,no valid tags
3191294061,no valid tags
3170553820,no valid tags
3315210067,no valid tags
3231052089,no valid tags
3928853734,no valid tags
3554472306,no valid tags
3222281254,no valid tags
3169801305,no valid tags
3129302460,no valid tags
3059060500,no valid tags
2196101232,no valid tags
6191023245,no valid tags
6141279815,no valid tags
5843174819,no valid tags
5836168605,no valid tags
6318093529,no valid tags
6315436245,no valid tags
6315943726,no valid tags
6312977689,no valid tags
6307272000,no valid tags
6246995785,no valid tags
6132859751,no valid tags
6111236471,no valid tags
6085982353,no valid tags
5940752699,no valid tags
5940751709,no valid tags
5934367925,no valid tags
5934926026,no valid tags
5888414807,no valid tags
5881696605,no valid tags
5870416061,no valid tags
5869110386,no valid tags
5867571438,no valid tags
5853754755,no valid tags
5850404456,no valid tags
5847963503,no valid tags
5843723098,no valid tags
5833285739,no valid tags
5831355717,no valid tags
5699767402,no valid tags
5696067272,no valid tags
5649379000,no valid tags
5644008651,no valid tags
5638905682,no valid tags
5635250293,no valid tags
5590114882,no valid tags
5224954860,no valid tags
5221934090,no valid tags
5214392062,no valid tags
5311854113,no valid tags
5604316602,no valid tags
5602158059,no valid tags
5598995890,no valid tags
5595959525,no valid tags
5547719991,no valid tags
5526762987,no valid tags
5377776470,no valid tags
5363850789,no valid tags
5354152640,no valid tags
5208267361,no valid tags
5151057316,no valid tags
5102886047,no valid tags
5078704745,no valid tags
5078703651,no valid tags
5076163736,no valid tags
5076162498,no valid tags
5076160358,no valid tags
5064014661,no valid tags
5064627918,no valid tags
5048903260,no valid tags
5048640044,no valid tags
4942520567,no valid tags
4868747075,no valid tags
5005261522,no valid tags
4981958803,no valid tags
4981953623,no valid tags
4968550390,no valid tags
4950175285,no valid tags
4949609132,no valid tags
4854432500,no valid tags
4801388324,no valid tags
4782478287,no valid tags
4570962155,no valid tags
4497258163,no valid tags
4483868509,no valid tags
4477182292,no valid tags
4334633115,no valid tags
4335362164,no valid tags
4185383371,no valid tags
4175319594,no valid tags
4128710719,no valid tags
4123101568,no valid tags
4122327999,no valid tags
4117647607,no valid tags
4104279992,no valid tags
4101795974,no valid tags
4096241590,no valid tags
5028947841,no valid tags
5938180446,no valid tags
6741860547,no valid tags
4865814781,no valid tags
903111318,no valid tags
901834271,no valid tags
863579250,no valid tags
544653020,no valid tags
439142302,no valid tags
439140059,no valid tags
439142216,no valid tags
410538702,no valid tags
374912983,no valid tags
325011029,no valid tags
188663720,no valid tags
152702751,no valid tags
152702680,no valid tags
152701130,no valid tags
152698560,no valid tags
3535530728,no valid tags
3535513592,no valid tags
3534671139,no valid tags
3330988321,no valid tags
2647850608,no valid tags
2647848620,no valid tags
2647014777,no valid tags
2647012411,no valid tags
2647009747,no valid tags
2647832816,no valid tags
2647822368,no valid tags
2647819728,no valid tags
5004943023,no valid tags
5631105775,no valid tags
1562247972,no valid tags
2326871957,no valid tags
4806017846,no valid tags
4801664567,no valid tags
2454200802,no valid tags
2448917732,no valid tags
2448093981,no valid tags
2448915910,no valid tags
810355985,no valid tags
386684416,no valid tags
386684124,no valid tags
386683973,no valid tags
386683823,no valid tags
386683568,no valid tags
386683276,no valid tags
386683089,no valid tags
386682801,no valid tags
