# ID, url
52393415830,https://live.staticflickr.com/65535/52393415830_916c5fbe13_c.jpg
52380341753,https://live.staticflickr.com/65535/52380341753_fe2ef4dd57_c.jpg
52359192597,https://live.staticflickr.com/65535/52359192597_7728aa3e53_c.jpg
52337052947,https://live.staticflickr.com/65535/52337052947_a114a8464e_c.jpg
52391582297,https://live.staticflickr.com/65535/52391582297_6fd949b662_c.jpg
52265532824,https://live.staticflickr.com/65535/52265532824_f37b509402_c.jpg
52358447311,https://live.staticflickr.com/65535/52358447311_8a16e73e63_c.jpg
52353416788,https://live.staticflickr.com/65535/52353416788_ae181f3fb9_c.jpg
52330148302,https://live.staticflickr.com/65535/52330148302_1cbebd18cc_c.jpg
52272537639,https://live.staticflickr.com/65535/52272537639_aa5050b979_c.jpg
